ablation_family,ablation_variant,topology,load_scale,method,method_profile,history_window,transformer_model_dim,transformer_num_heads,transformer_num_layers,transformer_dropout,transformer_epochs,transformer_learning_rate,robust_max_scenarios,robust_num_central_scenarios,robust_include_random_scenario,robust_nominal_weight,robust_worst_case_weight,uncertainty_multiplier_config,prediction_mae_mean,prediction_rmse_mean,nominal_max_utilization_mean,nominal_max_utilization_std,critical_failure_reopt_max_utilization_mean,critical_failure_fixed_disrupted_fraction_mean,critical_failure_fixed_fairness_mean,random_failure_fixed_disrupted_fraction_mean,random_failure_fixed_fairness_mean,robust_worst_case_utilization_mean
robust,balanced_s3,abilene,1.0,current_demand_lp,lp_only,8,128,8,2,0.1,160,0.001,3,1,0,0.5,0.5,0.25,0.4476716715414672,0.6105427049547374,1.017519964534473,0.010506594063537916,2.464366106054131,0.3182917665519885,0.687623634948411,0.16301561260321207,0.8383651238339143,
robust,balanced_s3,abilene,1.0,robust_current_demand_lp,lp_only,8,128,8,2,0.1,160,0.001,3,1,0,0.5,0.5,0.25,0.4476716715414672,0.6105427049547374,1.0175199641916242,0.010506593748811058,2.6278899255698005,0.3198160340135418,0.6889717757168486,0.16570858775147335,0.8355553906706253,2.7133865717948713
robust,balanced_s3,abilene,1.0,uncertainty_aware_lstm_robust_lp,lp_only,8,128,8,2,0.1,160,0.001,3,1,0,0.5,0.5,0.25,0.9232094060994059,1.0389692608891208,0.9519206711623932,0.006201597825906962,2.3865875162962964,0.31566307427285684,0.6953739369905257,0.16378997853681912,0.8384778155285889,2.538455105128205
robust,balanced_s3,nsfnet,1.0,current_demand_lp,lp_only,8,128,8,2,0.1,160,0.001,3,1,0,0.5,0.5,0.25,0.4495726941863883,0.5843256358323424,1.1338436930185185,0.03636754565205493,1.5956125400789174,0.25096883825822336,0.7479106698041247,0.17443351873087706,0.8270764440064621,
robust,balanced_s3,nsfnet,1.0,robust_current_demand_lp,lp_only,8,128,8,2,0.1,160,0.001,3,1,0,0.5,0.5,0.25,0.4495726941863883,0.5843256358323424,1.133843692940171,0.03636754575060358,1.5956125400789174,0.23470621158194785,0.7609690814672189,0.16946460085575243,0.8314758412412151,2.1906133153846152
robust,balanced_s3,nsfnet,1.0,uncertainty_aware_lstm_robust_lp,lp_only,8,128,8,2,0.1,160,0.001,3,1,0,0.5,0.5,0.25,0.9476772616854744,1.0542142335535265,1.0294217012877493,0.030000090671375046,1.4552264242450141,0.23564229924280491,0.7608921370073803,0.1696002067745949,0.8310668671740861,1.9896254666666666
robust,conservative_s4,abilene,1.0,current_demand_lp,lp_only,8,128,8,2,0.1,160,0.001,4,2,1,0.35,0.65,0.25,0.4476716715414672,0.6105427049547374,1.017519964534473,0.010506594063537916,2.464366106054131,0.3182917665519885,0.687623634948411,0.16301561260321207,0.8383651238339143,
robust,conservative_s4,abilene,1.0,robust_current_demand_lp,lp_only,8,128,8,2,0.1,160,0.001,4,2,1,0.35,0.65,0.25,0.4476716715414672,0.6105427049547374,1.017519964454416,0.01050659380485633,2.523136579928775,0.3298642041641734,0.6746126147171391,0.16687535743835924,0.8354774691445058,2.7133865717948713
robust,conservative_s4,abilene,1.0,uncertainty_aware_lstm_robust_lp,lp_only,8,128,8,2,0.1,160,0.001,4,2,1,0.35,0.65,0.25,0.9232094060994059,1.0389692608891208,0.9519206703931625,0.006201598515328799,2.3600672434900285,0.33102577537026223,0.6737998907987709,0.16766911988281033,0.8351965700278363,2.538455105128205
robust,conservative_s4,nsfnet,1.0,current_demand_lp,lp_only,8,128,8,2,0.1,160,0.001,4,2,1,0.35,0.65,0.25,0.4495726941863883,0.5843256358323424,1.1338436930185185,0.03636754565205493,1.5956125400789174,0.25096883825822336,0.7479106698041247,0.17443351873087706,0.8270764440064621,
robust,conservative_s4,nsfnet,1.0,robust_current_demand_lp,lp_only,8,128,8,2,0.1,160,0.001,4,2,1,0.35,0.65,0.25,0.4495726941863883,0.5843256358323424,0.8467038779652422,0.026977563410636743,1.6929414440128205,0.1601114503170585,0.8392219859500223,0.12487433713373226,0.8759854742093096,1.63514701025641
robust,conservative_s4,nsfnet,1.0,uncertainty_aware_lstm_robust_lp,lp_only,8,128,8,2,0.1,160,0.001,4,2,1,0.35,0.65,0.25,0.9476772616854744,1.0542142335535265,0.7126765625256409,0.020769292996349307,1.5455673221880344,0.1598096587763431,0.8401519019897407,0.12476977898302725,0.875855227369692,1.3774330153846155
robust,nominal_s2,abilene,1.0,current_demand_lp,lp_only,8,128,8,2,0.1,160,0.001,2,1,0,0.7,0.3,0.25,0.4476716715414672,0.6105427049547374,1.017519964534473,0.010506594063537916,2.464366106054131,0.3182917665519885,0.687623634948411,0.16301561260321207,0.8383651238339143,
robust,nominal_s2,abilene,1.0,robust_current_demand_lp,lp_only,8,128,8,2,0.1,160,0.001,2,1,0,0.7,0.3,0.25,0.4476716715414672,0.6105427049547374,1.0175199641916242,0.010506593748811058,2.6278899255698005,0.3198160340135418,0.6889717757168486,0.16570858775147335,0.8355553906706253,2.7133865717948713
robust,nominal_s2,abilene,1.0,uncertainty_aware_lstm_robust_lp,lp_only,8,128,8,2,0.1,160,0.001,2,1,0,0.7,0.3,0.25,0.9232094060994059,1.0389692608891208,0.9519206711623932,0.006201597825906962,2.3865875162962964,0.31566307427285684,0.6953739369905257,0.16378997853681912,0.8384778155285889,2.538455105128205
robust,nominal_s2,nsfnet,1.0,current_demand_lp,lp_only,8,128,8,2,0.1,160,0.001,2,1,0,0.7,0.3,0.25,0.4495726941863883,0.5843256358323424,1.1338436930185185,0.03636754565205493,1.5956125400789174,0.25096883825822336,0.7479106698041247,0.17443351873087706,0.8270764440064621,
robust,nominal_s2,nsfnet,1.0,robust_current_demand_lp,lp_only,8,128,8,2,0.1,160,0.001,2,1,0,0.7,0.3,0.25,0.4495726941863883,0.5843256358323424,1.133843692940171,0.03636754575060358,1.5956125400789174,0.23470621158194785,0.7609690814672189,0.16946460085575243,0.8314758412412151,2.1906133153846152
robust,nominal_s2,nsfnet,1.0,uncertainty_aware_lstm_robust_lp,lp_only,8,128,8,2,0.1,160,0.001,2,1,0,0.7,0.3,0.25,0.9476772616854744,1.0542142335535265,1.0294217012877493,0.030000090671375046,1.4552264242450141,0.23564229924280491,0.7608921370073803,0.1696002067745949,0.8310668671740861,1.9896254666666666
transformer,base,abilene,1.0,linear_autoregressive,ml_only,4,64,4,2,0.1,100,0.008,3,1,0,0.5,0.5,0.25,0.43883133640328936,0.5529492893129232,0.9851369197800571,0.016925288011459177,2.369110688846154,0.3178966324926496,0.687451217158409,0.1640819581192786,0.8375435941299211,
transformer,base,abilene,1.0,lstm,ml_only,4,64,4,2,0.1,100,0.008,3,1,0,0.5,0.5,0.25,0.8928824050678775,1.004837379395817,0.9490697631145298,0.0049487128769215545,2.20229123005698,0.3174619839059413,0.6887971358260053,0.16299474130388497,0.8384673110077809,
transformer,base,abilene,1.0,moving_average,ml_only,4,64,4,2,0.1,100,0.008,3,1,0,0.5,0.5,0.25,0.8287069714098717,0.959357275435499,1.0364154040101425,0.01120458026676444,2.4615362713390314,0.3181412789168464,0.6876026542348311,0.16305936163983212,0.8381839935079035,
transformer,base,abilene,1.0,transformer,ml_only,4,64,4,2,0.1,100,0.008,3,1,0,0.5,0.5,0.25,0.886758450842012,1.0001728498011042,0.9730209362381766,0.022754649879530384,2.1778293097293444,0.32008528526733765,0.685779918888305,0.16338835722216077,0.8381000081287581,
transformer,base,nsfnet,1.0,linear_autoregressive,ml_only,4,64,4,2,0.1,100,0.008,3,1,0,0.5,0.5,0.25,0.42899220170099966,0.5290219384663492,1.1105328008452993,0.021188145504957845,1.5635064727558408,0.2499850942128363,0.7493778537148984,0.17462437269696082,0.8263108813879317,
transformer,base,nsfnet,1.0,lstm,ml_only,4,64,4,2,0.1,100,0.008,3,1,0,0.5,0.5,0.25,0.9011400850084726,1.0034734963590057,1.0527358994957265,0.03266416378455822,1.487630115131054,0.2510640720124477,0.7475269530878306,0.1747120942836505,0.8257882367804467,
transformer,base,nsfnet,1.0,moving_average,ml_only,4,64,4,2,0.1,100,0.008,3,1,0,0.5,0.5,0.25,0.8341326549406275,0.9439601412441562,1.151837225579852,0.03462744848387902,1.6242254475356124,0.2507128695680008,0.7486457648689665,0.17450740718852478,0.8267865247798826,
transformer,base,nsfnet,1.0,transformer,ml_only,4,64,4,2,0.1,100,0.008,3,1,0,0.5,0.5,0.25,0.890800129806753,0.9940116538798588,1.0921339599807807,0.0683527326614562,1.5424218096371796,0.249899474158624,0.7495185477744976,0.17486136154732831,0.8257894401142001,
transformer,tuned_a,abilene,1.0,linear_autoregressive,ml_only,6,96,4,2,0.05,140,0.003,3,1,0,0.5,0.5,0.25,0.43883133640328936,0.5529492893129232,0.9851369197800571,0.016925288011459177,2.369110688846154,0.3178966324926496,0.687451217158409,0.1640819581192786,0.8375435941299211,
transformer,tuned_a,abilene,1.0,lstm,ml_only,6,96,4,2,0.05,140,0.003,3,1,0,0.5,0.5,0.25,0.9345564991795228,1.0496515098917205,0.8926137901982907,0.005927157747867275,1.8768390862820512,0.3203442819278763,0.686135783529865,0.162380684307917,0.838803611853657,
transformer,tuned_a,abilene,1.0,moving_average,ml_only,6,96,4,2,0.05,140,0.003,3,1,0,0.5,0.5,0.25,0.989536299371963,1.1194995800530105,1.0502628338974358,0.011528090463333565,2.4799346888888887,0.31871719369441115,0.6872526002302278,0.16305682513455344,0.8381640171043193,
transformer,tuned_a,abilene,1.0,transformer,ml_only,6,96,4,2,0.05,140,0.003,3,1,0,0.5,0.5,0.25,0.5336032076296428,0.6349451744456021,0.9023890906233619,0.004360531237121014,2.094232978732194,0.3188429041360352,0.6871598570674045,0.16323249171113394,0.8380430560380305,
transformer,tuned_a,nsfnet,1.0,linear_autoregressive,ml_only,6,96,4,2,0.05,140,0.003,3,1,0,0.5,0.5,0.25,0.42899220170099966,0.5290219384663492,1.1105328008452993,0.021188145504957845,1.5635064727558408,0.2499850942128363,0.7493778537148984,0.17462437269696082,0.8263108813879317,
transformer,tuned_a,nsfnet,1.0,lstm,ml_only,6,96,4,2,0.05,140,0.003,3,1,0,0.5,0.5,0.25,0.9489347368969421,1.0546658241964375,0.982561050998718,0.029142674184753675,1.3884269030598293,0.2528349526059038,0.7453479038315182,0.17484855234114252,0.8253609212690574,
transformer,tuned_a,nsfnet,1.0,moving_average,ml_only,6,96,4,2,0.05,140,0.003,3,1,0,0.5,0.5,0.25,0.9980176522383929,1.1103787718639493,1.1650298837339033,0.03533968703856439,1.6429125834844729,0.2506585192563447,0.7484401725741749,0.17467135527248392,0.8262737354841402,
transformer,tuned_a,nsfnet,1.0,transformer,ml_only,6,96,4,2,0.05,140,0.003,3,1,0,0.5,0.5,0.25,0.7134886016697853,0.812103108613079,1.031841563420399,0.04547151182534298,1.4590246265858688,0.2516133700310499,0.7481323183151182,0.17495136626669971,0.8257587204230973,
transformer,tuned_b,abilene,1.0,linear_autoregressive,ml_only,8,128,8,2,0.1,160,0.001,3,1,0,0.5,0.5,0.25,0.43883133640328936,0.5529492893129232,0.9851369197800571,0.016925288011459177,2.369110688846154,0.3178966324926496,0.687451217158409,0.1640819581192786,0.8375435941299211,
transformer,tuned_b,abilene,1.0,lstm,ml_only,8,128,8,2,0.1,160,0.001,3,1,0,0.5,0.5,0.25,0.9232094060994059,1.0389692608891208,0.908152502434188,0.005458731300096845,2.103711051866097,0.3178860820217204,0.6893593026141714,0.16332887909317567,0.8378257195060753,
transformer,tuned_b,abilene,1.0,moving_average,ml_only,8,128,8,2,0.1,160,0.001,3,1,0,0.5,0.5,0.25,1.0407301912598745,1.166586613568467,1.055979386625755,0.011332737994622184,2.5240295518233617,0.31846629151963735,0.6877997109999496,0.1630069154313698,0.8382860309629553,
transformer,tuned_b,abilene,1.0,transformer,ml_only,8,128,8,2,0.1,160,0.001,3,1,0,0.5,0.5,0.25,0.5683989342760806,0.6724171912222877,0.9064201680934474,0.019845523459346908,2.1202405463390313,0.3182816026002402,0.689295601664052,0.1634691114637718,0.8382955483008508,
transformer,tuned_b,nsfnet,1.0,linear_autoregressive,ml_only,8,128,8,2,0.1,160,0.001,3,1,0,0.5,0.5,0.25,0.42899220170099966,0.5290219384663492,1.1105328008452993,0.021188145504957845,1.5635064727558408,0.2499850942128363,0.7493778537148984,0.17462437269696082,0.8263108813879317,
transformer,tuned_b,nsfnet,1.0,lstm,ml_only,8,128,8,2,0.1,160,0.001,3,1,0,0.5,0.5,0.25,0.9476772616854744,1.0542142335535265,0.9833738781082623,0.02867176186651545,1.3903993196780629,0.25268220643674005,0.7457423697742268,0.17484261508990181,0.8254304490840028,
transformer,tuned_b,nsfnet,1.0,moving_average,ml_only,8,128,8,2,0.1,160,0.001,3,1,0,0.5,0.5,0.25,1.0479053582051296,1.1589099372182772,1.1693048692346497,0.035431205313895965,1.6490767845739887,0.2504875344311753,0.748688608548899,0.1745395399340357,0.8263311970355572,
transformer,tuned_b,nsfnet,1.0,transformer,ml_only,8,128,8,2,0.1,160,0.001,3,1,0,0.5,0.5,0.25,0.6048033040887891,0.6978336726672594,0.9796274701131055,0.04142580800072234,1.3835212788535614,0.2509050570194868,0.7483406603976069,0.17472243616188496,0.8259607788939687,
transformer,tuned_c,abilene,1.0,linear_autoregressive,ml_only,6,128,4,3,0.1,150,0.003,3,1,0,0.5,0.5,0.25,0.43883133640328936,0.5529492893129232,0.9851369197800571,0.016925288011459177,2.369110688846154,0.3178966324926496,0.687451217158409,0.1640819581192786,0.8375435941299211,
transformer,tuned_c,abilene,1.0,lstm,ml_only,6,128,4,3,0.1,150,0.003,3,1,0,0.5,0.5,0.25,0.9345564991795228,1.0496515098917205,0.8926137901982907,0.005927157747867275,1.8768390862820512,0.3203442819278763,0.686135783529865,0.162380684307917,0.838803611853657,
transformer,tuned_c,abilene,1.0,moving_average,ml_only,6,128,4,3,0.1,150,0.003,3,1,0,0.5,0.5,0.25,0.989536299371963,1.1194995800530105,1.0502628338974358,0.011528090463333565,2.4799346888888887,0.31871719369441115,0.6872526002302278,0.16305682513455344,0.8381640171043193,
transformer,tuned_c,abilene,1.0,transformer,ml_only,6,128,4,3,0.1,150,0.003,3,1,0,0.5,0.5,0.25,0.922621638675929,1.0379712362007891,0.9085678279726496,0.00702011278102734,1.909012332820513,0.3203288873154923,0.6861297929873243,0.1623899238540229,0.8388344516036192,
transformer,tuned_c,nsfnet,1.0,linear_autoregressive,ml_only,6,128,4,3,0.1,150,0.003,3,1,0,0.5,0.5,0.25,0.42899220170099966,0.5290219384663492,1.1105328008452993,0.021188145504957845,1.5635064727558408,0.2499850942128363,0.7493778537148984,0.17462437269696082,0.8263108813879317,
transformer,tuned_c,nsfnet,1.0,lstm,ml_only,6,128,4,3,0.1,150,0.003,3,1,0,0.5,0.5,0.25,0.9489347368969421,1.0546658241964375,0.982561050998718,0.029142674184753675,1.3884269030598293,0.2528349526059038,0.7453479038315182,0.17484855234114252,0.8253609212690574,
transformer,tuned_c,nsfnet,1.0,moving_average,ml_only,6,128,4,3,0.1,150,0.003,3,1,0,0.5,0.5,0.25,0.9980176522383929,1.1103787718639493,1.1650298837339033,0.03533968703856439,1.6429125834844729,0.2506585192563447,0.7484401725741749,0.17467135527248392,0.8262737354841402,
transformer,tuned_c,nsfnet,1.0,transformer,ml_only,6,128,4,3,0.1,150,0.003,3,1,0,0.5,0.5,0.25,0.9260031775660827,1.0307342525234822,1.013936785862678,0.04127076695089569,1.4333316000481482,0.25159743035953325,0.7476654149514581,0.17458312890258462,0.8260471421301047,
uncertainty,mult_0p1,abilene,1.0,current_demand_lp,lp_only,8,128,8,2,0.1,160,0.001,3,1,0,0.5,0.5,0.1,0.4476716715414672,0.6105427049547374,1.017519964534473,0.010506594063537916,2.464366106054131,0.3182917665519885,0.687623634948411,0.16301561260321207,0.8383651238339143,
uncertainty,mult_0p1,abilene,1.0,robust_current_demand_lp,lp_only,8,128,8,2,0.1,160,0.001,3,1,0,0.5,0.5,0.1,0.4476716715414672,0.6105427049547374,1.0175199641916242,0.010506593748811058,2.6278899255698005,0.3198160340135418,0.6889717757168486,0.16570858775147335,0.8355553906706253,2.7133865717948713
uncertainty,mult_0p1,abilene,1.0,uncertainty_aware_lstm_robust_lp,lp_only,8,128,8,2,0.1,160,0.001,3,1,0,0.5,0.5,0.1,0.9232094060994059,1.0389692608891208,0.9256597700968662,0.005755874795866076,2.120918924159544,0.31899996781935697,0.6894931351975576,0.1635124010671689,0.8384028162554694,2.4684260333333334
uncertainty,mult_0p1,nsfnet,1.0,current_demand_lp,lp_only,8,128,8,2,0.1,160,0.001,3,1,0,0.5,0.5,0.1,0.4495726941863883,0.5843256358323424,1.1338436930185185,0.03636754565205493,1.5956125400789174,0.25096883825822336,0.7479106698041247,0.17443351873087706,0.8270764440064621,
uncertainty,mult_0p1,nsfnet,1.0,robust_current_demand_lp,lp_only,8,128,8,2,0.1,160,0.001,3,1,0,0.5,0.5,0.1,0.4495726941863883,0.5843256358323424,1.133843692940171,0.03636754575060358,1.5956125400789174,0.23470621158194785,0.7609690814672189,0.16946460085575243,0.8314758412412151,2.1906133153846152
uncertainty,mult_0p1,nsfnet,1.0,uncertainty_aware_lstm_robust_lp,lp_only,8,128,8,2,0.1,160,0.001,3,1,0,0.5,0.5,0.1,0.9476772616854744,1.0542142335535265,1.001793006962963,0.029202685111769662,1.4163301646792021,0.2354171549369175,0.7611832916631296,0.16961736687988807,0.8310496260005399,1.9367649666666666
uncertainty,mult_0p25,abilene,1.0,current_demand_lp,lp_only,8,128,8,2,0.1,160,0.001,3,1,0,0.5,0.5,0.25,0.4476716715414672,0.6105427049547374,1.017519964534473,0.010506594063537916,2.464366106054131,0.3182917665519885,0.687623634948411,0.16301561260321207,0.8383651238339143,
uncertainty,mult_0p25,abilene,1.0,robust_current_demand_lp,lp_only,8,128,8,2,0.1,160,0.001,3,1,0,0.5,0.5,0.25,0.4476716715414672,0.6105427049547374,1.0175199641916242,0.010506593748811058,2.6278899255698005,0.3198160340135418,0.6889717757168486,0.16570858775147335,0.8355553906706253,2.7133865717948713
uncertainty,mult_0p25,abilene,1.0,uncertainty_aware_lstm_robust_lp,lp_only,8,128,8,2,0.1,160,0.001,3,1,0,0.5,0.5,0.25,0.9232094060994059,1.0389692608891208,0.9519206711623932,0.006201597825906962,2.3865875162962964,0.31566307427285684,0.6953739369905257,0.16378997853681912,0.8384778155285889,2.538455105128205
uncertainty,mult_0p25,nsfnet,1.0,current_demand_lp,lp_only,8,128,8,2,0.1,160,0.001,3,1,0,0.5,0.5,0.25,0.4495726941863883,0.5843256358323424,1.1338436930185185,0.03636754565205493,1.5956125400789174,0.25096883825822336,0.7479106698041247,0.17443351873087706,0.8270764440064621,
uncertainty,mult_0p25,nsfnet,1.0,robust_current_demand_lp,lp_only,8,128,8,2,0.1,160,0.001,3,1,0,0.5,0.5,0.25,0.4495726941863883,0.5843256358323424,1.133843692940171,0.03636754575060358,1.5956125400789174,0.23470621158194785,0.7609690814672189,0.16946460085575243,0.8314758412412151,2.1906133153846152
uncertainty,mult_0p25,nsfnet,1.0,uncertainty_aware_lstm_robust_lp,lp_only,8,128,8,2,0.1,160,0.001,3,1,0,0.5,0.5,0.25,0.9476772616854744,1.0542142335535265,1.0294217012877493,0.030000090671375046,1.4552264242450141,0.23564229924280491,0.7608921370073803,0.1696002067745949,0.8310668671740861,1.9896254666666666
uncertainty,mult_0p4,abilene,1.0,current_demand_lp,lp_only,8,128,8,2,0.1,160,0.001,3,1,0,0.5,0.5,0.4,0.4476716715414672,0.6105427049547374,1.017519964534473,0.010506594063537916,2.464366106054131,0.3182917665519885,0.687623634948411,0.16301561260321207,0.8383651238339143,
uncertainty,mult_0p4,abilene,1.0,robust_current_demand_lp,lp_only,8,128,8,2,0.1,160,0.001,3,1,0,0.5,0.5,0.4,0.4476716715414672,0.6105427049547374,1.0175199641916242,0.010506593748811058,2.6278899255698005,0.3198160340135418,0.6889717757168486,0.16570858775147335,0.8355553906706253,2.7133865717948713
uncertainty,mult_0p4,abilene,1.0,uncertainty_aware_lstm_robust_lp,lp_only,8,128,8,2,0.1,160,0.001,3,1,0,0.5,0.5,0.4,0.9232094060994059,1.0389692608891208,0.9781815704398861,0.006647319154254617,2.451971854230769,0.31898705540567,0.6924882900094342,0.1643035550251342,0.837769298464019,2.6084842
uncertainty,mult_0p4,nsfnet,1.0,current_demand_lp,lp_only,8,128,8,2,0.1,160,0.001,3,1,0,0.5,0.5,0.4,0.4495726941863883,0.5843256358323424,1.1338436930185185,0.03636754565205493,1.5956125400789174,0.25096883825822336,0.7479106698041247,0.17443351873087706,0.8270764440064621,
uncertainty,mult_0p4,nsfnet,1.0,robust_current_demand_lp,lp_only,8,128,8,2,0.1,160,0.001,3,1,0,0.5,0.5,0.4,0.4495726941863883,0.5843256358323424,1.133843692940171,0.03636754575060358,1.5956125400789174,0.23470621158194785,0.7609690814672189,0.16946460085575243,0.8314758412412151,2.1906133153846152
uncertainty,mult_0p4,nsfnet,1.0,uncertainty_aware_lstm_robust_lp,lp_only,8,128,8,2,0.1,160,0.001,3,1,0,0.5,0.5,0.4,0.9476772616854744,1.0542142335535265,1.0570503911866098,0.030798671313562356,1.4941226929373217,0.23585576997971183,0.7606076121651802,0.16958393613217668,0.8310794088780158,2.0424858666666665
uncertainty,mult_0p5,abilene,1.0,current_demand_lp,lp_only,8,128,8,2,0.1,160,0.001,3,1,0,0.5,0.5,0.5,0.4476716715414672,0.6105427049547374,1.017519964534473,0.010506594063537916,2.464366106054131,0.3182917665519885,0.687623634948411,0.16301561260321207,0.8383651238339143,
uncertainty,mult_0p5,abilene,1.0,robust_current_demand_lp,lp_only,8,128,8,2,0.1,160,0.001,3,1,0,0.5,0.5,0.5,0.4476716715414672,0.6105427049547374,1.0175199641916242,0.010506593748811058,2.6278899255698005,0.3198160340135418,0.6889717757168486,0.16570858775147335,0.8355553906706253,2.7133865717948713
uncertainty,mult_0p5,abilene,1.0,uncertainty_aware_lstm_robust_lp,lp_only,8,128,8,2,0.1,160,0.001,3,1,0,0.5,0.5,0.5,0.9232094060994059,1.0389692608891208,0.995688836477493,0.00694445684886375,2.4955614167948714,0.31921432412747947,0.6910903299769834,0.16440471464578374,0.837042661663579,2.6551702333333336
uncertainty,mult_0p5,nsfnet,1.0,current_demand_lp,lp_only,8,128,8,2,0.1,160,0.001,3,1,0,0.5,0.5,0.5,0.4495726941863883,0.5843256358323424,1.1338436930185185,0.03636754565205493,1.5956125400789174,0.25096883825822336,0.7479106698041247,0.17443351873087706,0.8270764440064621,
uncertainty,mult_0p5,nsfnet,1.0,robust_current_demand_lp,lp_only,8,128,8,2,0.1,160,0.001,3,1,0,0.5,0.5,0.5,0.4495726941863883,0.5843256358323424,1.133843692940171,0.03636754575060358,1.5956125400789174,0.23470621158194785,0.7609690814672189,0.16946460085575243,0.8314758412412151,2.1906133153846152
uncertainty,mult_0p5,nsfnet,1.0,uncertainty_aware_lstm_robust_lp,lp_only,8,128,8,2,0.1,160,0.001,3,1,0,0.5,0.5,0.5,0.9476772616854744,1.0542142335535265,1.0754695248076922,0.03133166840326202,1.5200535373931625,0.23599203873685118,0.760421703049689,0.16957354949159772,0.831085483162469,2.077726166666667
