method,prediction_mae,prediction_rmse,nominal_max_utilization,critical_failure_reopt_max_utilization,random_failure_reopt_max_utilization,critical_failure_fixed_served_fraction,random_failure_fixed_served_fraction,critical_failure_fixed_disrupted_fraction,random_failure_fixed_disrupted_fraction,critical_failure_fixed_fairness,random_failure_fixed_fairness,uncertainty_mean,uncertainty_max,routing_demand_inflation_ratio,robust_nominal_utilization,robust_worst_case_utilization,topology,seed,load_scale,ablation_family,ablation_variant,experiment_label,method_profile,history_window,transformer_model_dim,transformer_num_heads,transformer_num_layers,transformer_dropout,transformer_epochs,transformer_learning_rate,robust_max_scenarios,robust_num_central_scenarios,robust_include_random_scenario,robust_nominal_weight,robust_worst_case_weight,uncertainty_multiplier_config
lstm,0.8965149732152585,1.0071108668220174,0.951010289982906,2.082621696923076,1.243975871880342,0.682557894252841,0.8373757544281711,0.3174421057471591,0.1626242455718288,0.6903949568240482,0.8375424284882886,,,,,,abilene,7,1.0,transformer,base,transformer:base,ml_only,4,64,4,2,0.1,100,0.008,3,1,0,0.5,0.5,0.25
transformer,0.8833741256133045,0.9960951995600502,0.990259174591453,2.568521677264957,1.295807373153846,0.6832053635531862,0.8345372826462276,0.3167946364468138,0.1654627173537724,0.6892464428803172,0.8355661442781993,,,,,,abilene,7,1.0,transformer,base,transformer:base,ml_only,4,64,4,2,0.1,100,0.008,3,1,0,0.5,0.5,0.25
linear_autoregressive,0.4380717462941258,0.5504125459438775,0.9963636072341882,2.515504344615384,1.320877706222222,0.6828360775516578,0.83496248206198,0.3171639224483422,0.16503751793802,0.6893152330768882,0.8352852997295085,,,,,,abilene,7,1.0,transformer,base,transformer:base,ml_only,4,64,4,2,0.1,100,0.008,3,1,0,0.5,0.5,0.25
moving_average,0.8298200069938146,0.9608977968479764,1.0387131353846155,2.6249533515811967,1.381344064034188,0.6830147002144127,0.8358334113569781,0.3169852997855873,0.1641665886430219,0.6893390308773724,0.8359507051428875,,,,,,abilene,7,1.0,transformer,base,transformer:base,ml_only,4,64,4,2,0.1,100,0.008,3,1,0,0.5,0.5,0.25
transformer,0.8596293327079201,0.977389431406512,0.947228976731624,1.9115451664102563,1.205328716119658,0.6682345805439863,0.8358202921276902,0.3317654194560137,0.1641797078723099,0.6816668400179035,0.8391924893307221,,,,,,abilene,11,1.0,transformer,base,transformer:base,ml_only,4,64,4,2,0.1,100,0.008,3,1,0,0.5,0.5,0.25
lstm,0.8538807688842286,0.9700799517821724,0.952754123805128,2.540677656581197,1.2119552641811966,0.6770492558252836,0.8334105944331383,0.3229507441747163,0.1665894055668616,0.6908871401675238,0.8375548221666431,,,,,,abilene,11,1.0,transformer,base,transformer:base,ml_only,4,64,4,2,0.1,100,0.008,3,1,0,0.5,0.5,0.25
linear_autoregressive,0.4487388290776791,0.5721091095790738,0.9933776906358974,2.5414453615384613,1.275010977059829,0.6751568443022278,0.8327638133294015,0.3248431556977721,0.1672361866705984,0.6893584051661119,0.8376656100485621,,,,,,abilene,11,1.0,transformer,base,transformer:base,ml_only,4,64,4,2,0.1,100,0.008,3,1,0,0.5,0.5,0.25
moving_average,0.7934479774792418,0.932521435337036,1.0462930038423932,2.593574928461538,1.3591391914102564,0.6737284792446462,0.8343339206747462,0.3262715207553538,0.1656660793252537,0.6885138704120112,0.8376659624913182,,,,,,abilene,11,1.0,transformer,base,transformer:base,ml_only,4,64,4,2,0.1,100,0.008,3,1,0,0.5,0.5,0.25
lstm,0.9282514731041456,1.037321319583261,0.9434448755555556,1.9835743366666667,1.2198827261025642,0.6880068982040515,0.8402294272270355,0.3119931017959485,0.1597705727729645,0.6851093104864439,0.8403046823684108,,,,,,abilene,13,1.0,transformer,base,transformer:base,ml_only,4,64,4,2,0.1,100,0.008,3,1,0,0.5,0.5,0.25
linear_autoregressive,0.429683433838063,0.5363262124158182,0.9656694614700856,2.0503823603846154,1.260851404094017,0.6883171806681653,0.8400278302507826,0.3116828193318346,0.1599721697492174,0.6836800132322269,0.8396798726116926,,,,,,abilene,13,1.0,transformer,base,transformer:base,ml_only,4,64,4,2,0.1,100,0.008,3,1,0,0.5,0.5,0.25
transformer,0.9172718942048111,1.0270339184367503,0.981574657391453,2.05342108551282,1.2671468251581195,0.6883042001008146,0.8394773535596,0.3116957998991854,0.1605226464404,0.6864264737666943,0.839541390777353,,,,,,abilene,13,1.0,transformer,base,transformer:base,ml_only,4,64,4,2,0.1,100,0.008,3,1,0,0.5,0.5,0.25
moving_average,0.8628529297565589,0.9846525941214844,1.0242400728034189,2.166080533974359,1.3563440832051283,0.6888329837904019,0.8406545830487793,0.3111670162095981,0.1593454169512207,0.6849550614151098,0.840935312889505,,,,,,abilene,13,1.0,transformer,base,transformer:base,ml_only,4,64,4,2,0.1,100,0.008,3,1,0,0.5,0.5,0.25
lstm,0.9077538713720124,1.00904011859863,1.0772688333333336,1.4753871256666666,1.1014765053418802,0.7511123959007772,0.8247895871736062,0.2488876040992228,0.1752104128263938,0.7449021777409738,0.824711608998403,,,,,,nsfnet,7,1.0,transformer,base,transformer:base,ml_only,4,64,4,2,0.1,100,0.008,3,1,0,0.5,0.5,0.25
linear_autoregressive,0.4680766785685675,0.5702570888482369,1.1320063499649573,1.5500524362064103,1.2494036464529914,0.750520218148288,0.8251182706453513,0.2494797818517121,0.1748817293546488,0.7464308243067335,0.825605076550311,,,,,,nsfnet,7,1.0,transformer,base,transformer:base,ml_only,4,64,4,2,0.1,100,0.008,3,1,0,0.5,0.5,0.25
transformer,0.8882911310482219,0.9905914395250062,1.1617158563184102,1.5851094420769232,1.1828981204188036,0.7511517284973533,0.8250216948198706,0.2488482715026467,0.1749783051801292,0.7463658410699581,0.8252920521432892,,,,,,nsfnet,7,1.0,transformer,base,transformer:base,ml_only,4,64,4,2,0.1,100,0.008,3,1,0,0.5,0.5,0.25
moving_average,0.8403582648693608,0.9506094855915296,1.176424518599145,1.6096932142435896,1.27954659282906,0.7507371306256688,0.82541856139138,0.2492628693743312,0.1745814386086199,0.7456389721030002,0.8264899527003742,,,,,,nsfnet,7,1.0,transformer,base,transformer:base,ml_only,4,64,4,2,0.1,100,0.008,3,1,0,0.5,0.5,0.25
lstm,0.8781001001304024,0.9834945638241338,1.015659173333333,1.4442193639999998,1.0537741517401709,0.7402325666037368,0.8272746775103493,0.2597674333962633,0.1727253224896506,0.7351234728334938,0.8264877376551929,,,,,,nsfnet,11,1.0,transformer,base,transformer:base,ml_only,4,64,4,2,0.1,100,0.008,3,1,0,0.5,0.5,0.25
transformer,0.87626173609118,0.9827726874546726,1.0250805593504273,1.460200775638034,1.0633729098888889,0.7438941428216255,0.8265042062554492,0.2561058571783746,0.1734957937445508,0.7404671138224597,0.8259398510648697,,,,,,nsfnet,11,1.0,transformer,base,transformer:base,ml_only,4,64,4,2,0.1,100,0.008,3,1,0,0.5,0.5,0.25
linear_autoregressive,0.4112833602314894,0.5103748530256531,1.0896420848786326,1.538248977727778,1.2177642576068377,0.7425668262970423,0.8271161194042853,0.2574331737029576,0.1728838805957146,0.7381397565697078,0.8273842906974924,,,,,,nsfnet,11,1.0,transformer,base,transformer:base,ml_only,4,64,4,2,0.1,100,0.008,3,1,0,0.5,0.5,0.25
moving_average,0.8123257682503191,0.9231121738357858,1.112236822488889,1.5826063840470086,1.23274048732906,0.7437290364105892,0.8277997785560406,0.2562709635894107,0.1722002214439593,0.739642921980695,0.8272526690373423,,,,,,nsfnet,11,1.0,transformer,base,transformer:base,ml_only,4,64,4,2,0.1,100,0.008,3,1,0,0.5,0.5,0.25
lstm,0.9175662835230032,1.017885806654253,1.065279691820513,1.5432838557264956,1.133231317905983,0.755462821458143,0.8237994524650929,0.2445371785418569,0.1762005475349071,0.7625552086890244,0.8261653636877442,,,,,,nsfnet,13,1.0,transformer,base,transformer:base,ml_only,4,64,4,2,0.1,100,0.008,3,1,0,0.5,0.5,0.25
transformer,0.9078475222808576,1.0086708346598978,1.0896054642735042,1.5819552111965811,1.1618043762478634,0.7552557062051493,0.823890014282695,0.2447442937948508,0.1761099857173049,0.7617226884310752,0.8261364171344415,,,,,,nsfnet,13,1.0,transformer,base,transformer:base,ml_only,4,64,4,2,0.1,100,0.008,3,1,0,0.5,0.5,0.25
linear_autoregressive,0.4076165663029421,0.5064338735251572,1.1099499676923077,1.6022180043333334,1.2870697734222225,0.7569576729161607,0.8238924918594809,0.2430423270838392,0.1761075081405191,0.763562980268254,0.8259432769159916,,,,,,nsfnet,13,1.0,transformer,base,transformer:base,ml_only,4,64,4,2,0.1,100,0.008,3,1,0,0.5,0.5,0.25
moving_average,0.8497139317022027,0.958158764305153,1.1668503356515214,1.6803767443162394,1.3258811270384616,0.7533952242597395,0.8232594384870049,0.2466047757402606,0.1767405615129952,0.7606554005232039,0.8266169526019312,,,,,,nsfnet,13,1.0,transformer,base,transformer:base,ml_only,4,64,4,2,0.1,100,0.008,3,1,0,0.5,0.5,0.25
lstm,0.9389480435020896,1.053070074276634,0.8918439018358975,1.9551320805128205,1.1669631796837607,0.6822536895534888,0.8373966597110601,0.3177463104465112,0.1626033402889399,0.6906037742895612,0.8373200127580049,,,,,,abilene,7,1.0,transformer,tuned_a,transformer:tuned_a,ml_only,6,96,4,2,0.05,140,0.003,3,1,0,0.5,0.5,0.25
transformer,0.5287292435459541,0.6319257717091662,0.9073188726700856,2.2479492658547007,1.18857651784359,0.6824217882773301,0.834689857431565,0.3175782117226698,0.1653101425684349,0.6893496808579385,0.8352360569249567,,,,,,abilene,7,1.0,transformer,tuned_a,transformer:tuned_a,ml_only,6,96,4,2,0.05,140,0.003,3,1,0,0.5,0.5,0.25
linear_autoregressive,0.4380717462941258,0.5504125459438775,0.9963636072341882,2.515504344615384,1.320877706222222,0.6828360775516578,0.83496248206198,0.3171639224483422,0.16503751793802,0.6893152330768882,0.8352852997295085,,,,,,abilene,7,1.0,transformer,tuned_a,transformer:tuned_a,ml_only,6,96,4,2,0.05,140,0.003,3,1,0,0.5,0.5,0.25
moving_average,0.9929256624947504,1.1211483893686625,1.0524392271247864,2.726521764700855,1.393498374136752,0.6828923207942204,0.8362428977859866,0.3171076792057796,0.1637571022140133,0.6893096895802195,0.8363919514684437,,,,,,abilene,7,1.0,transformer,tuned_a,transformer:tuned_a,ml_only,6,96,4,2,0.05,140,0.003,3,1,0,0.5,0.5,0.25
lstm,0.8944340598873342,1.0130245624238368,0.8988882719589745,1.814413719615385,1.1438557721538465,0.6682446578750665,0.8356985850471248,0.3317553421249336,0.1643014149528752,0.6815640122405873,0.8393709346471053,,,,,,abilene,11,1.0,transformer,tuned_a,transformer:tuned_a,ml_only,6,96,4,2,0.05,140,0.003,3,1,0,0.5,0.5,0.25
transformer,0.5604911266223035,0.6656349927916196,0.8990369739247863,2.148995186367521,1.146001655119658,0.6724068658668736,0.8358168832013049,0.3275931341331264,0.1641831167986951,0.6865091523190758,0.8395331033641509,,,,,,abilene,11,1.0,transformer,tuned_a,transformer:tuned_a,ml_only,6,96,4,2,0.05,140,0.003,3,1,0,0.5,0.5,0.25
linear_autoregressive,0.4487388290776791,0.5721091095790738,0.9933776906358974,2.5414453615384613,1.275010977059829,0.6751568443022278,0.8327638133294015,0.3248431556977721,0.1672361866705984,0.6893584051661119,0.8376656100485621,,,,,,abilene,11,1.0,transformer,tuned_a,transformer:tuned_a,ml_only,6,96,4,2,0.05,140,0.003,3,1,0,0.5,0.5,0.25
moving_average,0.9434790001453393,1.0816941735208188,1.060547603217094,2.52218682542735,1.370083646,0.6724235118311216,0.8346572024664751,0.3275764881688785,0.1653427975335248,0.6874501034298354,0.8380189364583709,,,,,,abilene,11,1.0,transformer,tuned_a,transformer:tuned_a,ml_only,6,96,4,2,0.05,140,0.003,3,1,0,0.5,0.5,0.25
lstm,0.9702873941491446,1.082859892974691,0.8871091968000001,1.8609714587179484,1.1458623371111112,0.6884688067878162,0.8397627023180642,0.3115311932121839,0.1602372976819359,0.6862395640594465,0.8397198881558606,,,,,,abilene,13,1.0,transformer,tuned_a,transformer:tuned_a,ml_only,6,96,4,2,0.05,140,0.003,3,1,0,0.5,0.5,0.25
transformer,0.5115892527206707,0.6072747588360203,0.9008114252752136,1.8857544839743592,1.1645321167692306,0.6886426334476906,0.8397957842337281,0.3113573665523094,0.1602042157662718,0.685620738025199,0.8393600078249841,,,,,,abilene,13,1.0,transformer,tuned_a,transformer:tuned_a,ml_only,6,96,4,2,0.05,140,0.003,3,1,0,0.5,0.5,0.25
linear_autoregressive,0.429683433838063,0.5363262124158182,0.9656694614700856,2.0503823603846154,1.260851404094017,0.6883171806681653,0.8400278302507826,0.3116828193318346,0.1599721697492174,0.6836800132322269,0.8396798726116926,,,,,,abilene,13,1.0,transformer,tuned_a,transformer:tuned_a,ml_only,6,96,4,2,0.05,140,0.003,3,1,0,0.5,0.5,0.25
moving_average,1.032204235475799,1.1556561772695506,1.0378016713504274,2.1910954765384614,1.3641339720598291,0.6885325862914246,0.8399294243438777,0.3114674137085754,0.1600705756561222,0.6849980076806287,0.8400811633861434,,,,,,abilene,13,1.0,transformer,tuned_a,transformer:tuned_a,ml_only,6,96,4,2,0.05,140,0.003,3,1,0,0.5,0.5,0.25
lstm,0.955824983113679,1.0610420626050543,1.0040051397166667,1.3752266800000004,1.0247874089957263,0.7508815379951764,0.8248637918420971,0.2491184620048236,0.1751362081579029,0.7450409122469499,0.8247861195575263,,,,,,nsfnet,7,1.0,transformer,tuned_a,transformer:tuned_a,ml_only,6,96,4,2,0.05,140,0.003,3,1,0,0.5,0.5,0.25
transformer,0.4631098892976591,0.5541824981829662,1.0387700162270086,1.4334264864102564,1.101200831931624,0.7507693813646598,0.8246400069941189,0.2492306186353401,0.1753599930058811,0.7470559002209446,0.8251044365998068,,,,,,nsfnet,7,1.0,transformer,tuned_a,transformer:tuned_a,ml_only,6,96,4,2,0.05,140,0.003,3,1,0,0.5,0.5,0.25
linear_autoregressive,0.4680766785685675,0.5702570888482369,1.1320063499649573,1.5500524362064103,1.2494036464529914,0.750520218148288,0.8251182706453513,0.2494797818517121,0.1748817293546488,0.7464308243067335,0.825605076550311,,,,,,nsfnet,7,1.0,transformer,tuned_a,transformer:tuned_a,ml_only,6,96,4,2,0.05,140,0.003,3,1,0,0.5,0.5,0.25
moving_average,1.0085282045316104,1.1201177758641878,1.190280098717094,1.6280654615512822,1.259353085931624,0.7509665639937145,0.8252081103454766,0.2490334360062854,0.1747918896545234,0.7458138282849447,0.8259288709941204,,,,,,nsfnet,7,1.0,transformer,tuned_a,transformer:tuned_a,ml_only,6,96,4,2,0.05,140,0.003,3,1,0,0.5,0.5,0.25
lstm,0.926240501559412,1.034145536040905,0.9493799605128204,1.3501478314017097,0.9848676473888888,0.744142315669015,0.826907468855479,0.255857684330985,0.1730925311445209,0.7402294264002024,0.8259299723307246,,,,,,nsfnet,11,1.0,transformer,tuned_a,transformer:tuned_a,ml_only,6,96,4,2,0.05,140,0.003,3,1,0,0.5,0.5,0.25
transformer,0.873715622587373,0.9797566230612856,0.9833034444188034,1.394529674928547,1.0229546380641026,0.7402294262117495,0.8274128143774929,0.2597705737882506,0.1725871856225071,0.73601993946749,0.8266396893575588,,,,,,nsfnet,11,1.0,transformer,tuned_a,transformer:tuned_a,ml_only,6,96,4,2,0.05,140,0.003,3,1,0,0.5,0.5,0.25
linear_autoregressive,0.4112833602314894,0.5103748530256531,1.0896420848786326,1.538248977727778,1.2177642576068377,0.7425668262970423,0.8271161194042853,0.2574331737029576,0.1728838805957146,0.7381397565697078,0.8273842906974924,,,,,,nsfnet,11,1.0,transformer,tuned_a,transformer:tuned_a,ml_only,6,96,4,2,0.05,140,0.003,3,1,0,0.5,0.5,0.25
moving_average,0.9710378974016604,1.0854593066466058,1.1246430496666666,1.599219791286752,1.2125976204957265,0.7442723323338952,0.8272091519902877,0.2557276676661048,0.1727908480097123,0.7397142514881424,0.8264321491507824,,,,,,nsfnet,11,1.0,transformer,tuned_a,transformer:tuned_a,ml_only,6,96,4,2,0.05,140,0.003,3,1,0,0.5,0.5,0.25
lstm,0.9647387260177354,1.0688098739433534,0.9942980527666668,1.4399061977777778,1.0576685171538462,0.7464712885180972,0.8236830822789962,0.2535287114819028,0.1763169177210038,0.7507733728474022,0.8253666719189211,,,,,,nsfnet,13,1.0,transformer,tuned_a,transformer:tuned_a,ml_only,6,96,4,2,0.05,140,0.003,3,1,0,0.5,0.5,0.25
transformer,0.8036402931243241,0.902370204594985,1.0734512296153846,1.5491177184188034,1.1471637592735042,0.7541610823304411,0.8230930798282892,0.2458389176695589,0.1769069201717109,0.7613211152569199,0.8255320353119265,,,,,,nsfnet,13,1.0,transformer,tuned_a,transformer:tuned_a,ml_only,6,96,4,2,0.05,140,0.003,3,1,0,0.5,0.5,0.25
linear_autoregressive,0.4076165663029421,0.5064338735251572,1.1099499676923077,1.6022180043333334,1.2870697734222225,0.7569576729161607,0.8238924918594809,0.2430423270838392,0.1761075081405191,0.763562980268254,0.8259432769159916,,,,,,nsfnet,13,1.0,transformer,tuned_a,transformer:tuned_a,ml_only,6,96,4,2,0.05,140,0.003,3,1,0,0.5,0.5,0.25
moving_average,1.0144868547819077,1.1255592330810542,1.1801665028179489,1.7014524976153846,1.3035986924444445,0.7527855459033559,0.8235686718467838,0.2472144540966439,0.1764313281532161,0.7597924379494375,0.8264601863075178,,,,,,nsfnet,13,1.0,transformer,tuned_a,transformer:tuned_a,ml_only,6,96,4,2,0.05,140,0.003,3,1,0,0.5,0.5,0.25
transformer,0.6228416261519218,0.7288956947059838,0.8845708860547009,2.057069103034188,1.159505491709402,0.6821600686683069,0.8364374218963049,0.3178399313316931,0.163562578103695,0.6899398040136873,0.837184087369169,,,,,,abilene,7,1.0,transformer,tuned_b,transformer:tuned_b,ml_only,8,128,8,2,0.1,160,0.001,3,1,0,0.5,0.5,0.25
lstm,0.9279566830963965,1.0420578647100618,0.9064891377777776,1.9849251783333333,1.1856260977094015,0.6819110896258486,0.8372116971719941,0.3180889103741516,0.1627883028280059,0.6906182810905002,0.8373183920843174,,,,,,abilene,7,1.0,transformer,tuned_b,transformer:tuned_b,ml_only,8,128,8,2,0.1,160,0.001,3,1,0,0.5,0.5,0.25
linear_autoregressive,0.4380717462941258,0.5504125459438775,0.9963636072341882,2.515504344615384,1.320877706222222,0.6828360775516578,0.83496248206198,0.3171639224483422,0.16503751793802,0.6893152330768882,0.8352852997295085,,,,,,abilene,7,1.0,transformer,tuned_b,transformer:tuned_b,ml_only,8,128,8,2,0.1,160,0.001,3,1,0,0.5,0.5,0.25
moving_average,1.0464448115922858,1.1702570179045717,1.0581200784957263,2.733538704230769,1.393699669497436,0.682629766715203,0.8359071638999702,0.3173702332847969,0.1640928361000299,0.6892627886740748,0.836214983625417,,,,,,abilene,7,1.0,transformer,tuned_b,transformer:tuned_b,ml_only,8,128,8,2,0.1,160,0.001,3,1,0,0.5,0.5,0.25
lstm,0.8819867278780898,1.001753768883526,0.9142494160888888,2.43799843982906,1.163973403162393,0.676127660137481,0.8331672218744767,0.323872339862519,0.1668327781255234,0.6909035955909781,0.8367293309366914,,,,,,abilene,11,1.0,transformer,tuned_b,transformer:tuned_b,ml_only,8,128,8,2,0.1,160,0.001,3,1,0,0.5,0.5,0.25
transformer,0.5189309744852459,0.6246191466664903,0.9233282410017094,2.408750399059829,1.17924116651453,0.6750951242969557,0.8334884124313885,0.3249048757030443,0.1665115875686114,0.6917200643923646,0.8383181563523062,,,,,,abilene,11,1.0,transformer,tuned_b,transformer:tuned_b,ml_only,8,128,8,2,0.1,160,0.001,3,1,0,0.5,0.5,0.25
linear_autoregressive,0.4487388290776791,0.5721091095790738,0.9933776906358974,2.5414453615384613,1.275010977059829,0.6751568443022278,0.8327638133294015,0.3248431556977721,0.1672361866705984,0.6893584051661119,0.8376656100485621,,,,,,abilene,11,1.0,transformer,tuned_b,transformer:tuned_b,ml_only,8,128,8,2,0.1,160,0.001,3,1,0,0.5,0.5,0.25
moving_average,0.9913163802024928,1.124593490734152,1.0660891135524786,2.638235657905983,1.368406401042735,0.673126613139056,0.8347928766486498,0.3268733868609439,0.1652071233513502,0.6882826664112559,0.8380008970924547,,,,,,abilene,11,1.0,transformer,tuned_b,transformer:tuned_b,ml_only,8,128,8,2,0.1,160,0.001,3,1,0,0.5,0.5,0.25
lstm,0.9596848073237316,1.0730961490737745,0.9037189534358976,1.8882095374358967,1.1651956822564102,0.6883030041715094,0.8396344436740022,0.3116969958284906,0.1603655563259977,0.6865560311610359,0.8394294354972172,,,,,,abilene,13,1.0,transformer,tuned_b,transformer:tuned_b,ml_only,8,128,8,2,0.1,160,0.001,3,1,0,0.5,0.5,0.25
transformer,0.5634242021910739,0.663736732294389,0.9113613772239316,1.8949021369230767,1.1770940784529915,0.6878999992340168,0.8396668312809908,0.3121000007659831,0.160333168719009,0.6862269365861045,0.8393844011810769,,,,,,abilene,13,1.0,transformer,tuned_b,transformer:tuned_b,ml_only,8,128,8,2,0.1,160,0.001,3,1,0,0.5,0.5,0.25
linear_autoregressive,0.429683433838063,0.5363262124158182,0.9656694614700856,2.0503823603846154,1.260851404094017,0.6883171806681653,0.8400278302507826,0.3116828193318346,0.1599721697492174,0.6836800132322269,0.8396798726116926,,,,,,abilene,13,1.0,transformer,tuned_b,transformer:tuned_b,ml_only,8,128,8,2,0.1,160,0.001,3,1,0,0.5,0.5,0.25
moving_average,1.0844293819848452,1.204909332066678,1.0437289678290598,2.2003142933333333,1.363663832,0.6888447455868287,0.8402792131572707,0.3111552544131712,0.1597207868427293,0.6858536779145183,0.840642212170994,,,,,,abilene,13,1.0,transformer,tuned_b,transformer:tuned_b,ml_only,8,128,8,2,0.1,160,0.001,3,1,0,0.5,0.5,0.25
transformer,0.6127746489726807,0.7038746469151141,0.9978847617649572,1.3691091347948718,1.0562757355555557,0.7502847350578553,0.8248170352734344,0.2497152649421447,0.1751829647265656,0.7460195469197436,0.8253233940083878,,,,,,nsfnet,7,1.0,transformer,tuned_b,transformer:tuned_b,ml_only,8,128,8,2,0.1,160,0.001,3,1,0,0.5,0.5,0.25
lstm,0.9537070777087754,1.0595626127038025,1.004369663846154,1.3792183495726495,1.0271690625042735,0.7507581630279045,0.8248633976159897,0.2492418369720954,0.1751366023840103,0.7452749971564901,0.8248247817180728,,,,,,nsfnet,7,1.0,transformer,tuned_b,transformer:tuned_b,ml_only,8,128,8,2,0.1,160,0.001,3,1,0,0.5,0.5,0.25
linear_autoregressive,0.4680766785685675,0.5702570888482369,1.1320063499649573,1.5500524362064103,1.2494036464529914,0.750520218148288,0.8251182706453513,0.2494797818517121,0.1748817293546488,0.7464308243067335,0.825605076550311,,,,,,nsfnet,7,1.0,transformer,tuned_b,transformer:tuned_b,ml_only,8,128,8,2,0.1,160,0.001,3,1,0,0.5,0.5,0.25
moving_average,1.057896690032152,1.1680452054872612,1.194922578251812,1.6339494967606838,1.2354204243846152,0.750909152561322,0.8252042812091342,0.249090847438678,0.1747957187908657,0.7459044394522123,0.8257776274655637,,,,,,nsfnet,7,1.0,transformer,tuned_b,transformer:tuned_b,ml_only,8,128,8,2,0.1,160,0.001,3,1,0,0.5,0.5,0.25
transformer,0.6332961337557637,0.7307734817362898,0.9322091253504272,1.319221232834188,1.0026038987264956,0.742651397510437,0.8268286003517773,0.257348602489563,0.1731713996482226,0.7377525792922748,0.8258929693550819,,,,,,nsfnet,11,1.0,transformer,tuned_b,transformer:tuned_b,ml_only,8,128,8,2,0.1,160,0.001,3,1,0,0.5,0.5,0.25
lstm,0.926015528287887,1.034796023899856,0.9507072535555556,1.3505865926666667,0.987089242923077,0.744304962573137,0.8267946297539447,0.2556950374268629,0.1732053702460552,0.7406767922372764,0.8259715949727902,,,,,,nsfnet,11,1.0,transformer,tuned_b,transformer:tuned_b,ml_only,8,128,8,2,0.1,160,0.001,3,1,0,0.5,0.5,0.25
linear_autoregressive,0.4112833602314894,0.5103748530256531,1.0896420848786326,1.538248977727778,1.2177642576068377,0.7425668262970423,0.8271161194042853,0.2574331737029576,0.1728838805957146,0.7381397565697078,0.8273842906974924,,,,,,nsfnet,11,1.0,transformer,tuned_b,transformer:tuned_b,ml_only,8,128,8,2,0.1,160,0.001,3,1,0,0.5,0.5,0.25
moving_average,1.0197259968948948,1.1333633945426698,1.1288704821786324,1.6041419823886325,1.189581262076923,0.7434345176347428,0.8274940503154334,0.2565654823652571,0.1725059496845666,0.738949108796198,0.8267682537596556,,,,,,nsfnet,11,1.0,transformer,tuned_b,transformer:tuned_b,ml_only,8,128,8,2,0.1,160,0.001,3,1,0,0.5,0.5,0.25
lstm,0.9633091790597608,1.0682840640569211,0.9950447169230772,1.441393016794872,1.0593529962136754,0.7468902550887381,0.82381412736036,0.253109744911262,0.1761858726396399,0.751275319928914,0.8254949705611452,,,,,,nsfnet,13,1.0,transformer,tuned_b,transformer:tuned_b,ml_only,8,128,8,2,0.1,160,0.001,3,1,0,0.5,0.5,0.25
transformer,0.5683391295379228,0.6588528893503741,1.0087885232239318,1.462233468931624,1.1110371854017094,0.7543486963732473,0.8241870558891333,0.2456513036267527,0.1758129441108666,0.7612498549808024,0.8266659733184364,,,,,,nsfnet,13,1.0,transformer,tuned_b,transformer:tuned_b,ml_only,8,128,8,2,0.1,160,0.001,3,1,0,0.5,0.5,0.25
linear_autoregressive,0.4076165663029421,0.5064338735251572,1.1099499676923077,1.6022180043333334,1.2870697734222225,0.7569576729161607,0.8238924918594809,0.2430423270838392,0.1761075081405191,0.763562980268254,0.8259432769159916,,,,,,nsfnet,13,1.0,transformer,tuned_b,transformer:tuned_b,ml_only,8,128,8,2,0.1,160,0.001,3,1,0,0.5,0.5,0.25
moving_average,1.0660933876883418,1.1753212116249006,1.1841215472735045,1.7091388745726497,1.2777718903418804,0.7541937265104093,0.8236830486733252,0.2458062734895907,0.1763169513266748,0.7612122773982866,0.8264477098814523,,,,,,nsfnet,13,1.0,transformer,tuned_b,transformer:tuned_b,ml_only,8,128,8,2,0.1,160,0.001,3,1,0,0.5,0.5,0.25
lstm,0.9389480435020896,1.053070074276634,0.8918439018358975,1.9551320805128205,1.1669631796837607,0.6822536895534888,0.8373966597110601,0.3177463104465112,0.1626033402889399,0.6906037742895612,0.8373200127580049,,,,,,abilene,7,1.0,transformer,tuned_c,transformer:tuned_c,ml_only,6,128,4,3,0.1,150,0.003,3,1,0,0.5,0.5,0.25
transformer,0.9303743105348456,1.0447684399052966,0.9015119953641026,1.9799794016666667,1.1802962838547009,0.6824170503590634,0.8373242623371653,0.3175829496409366,0.1626757376628347,0.6906561271751627,0.837225799519932,,,,,,abilene,7,1.0,transformer,tuned_c,transformer:tuned_c,ml_only,6,128,4,3,0.1,150,0.003,3,1,0,0.5,0.5,0.25
linear_autoregressive,0.4380717462941258,0.5504125459438775,0.9963636072341882,2.515504344615384,1.320877706222222,0.6828360775516578,0.83496248206198,0.3171639224483422,0.16503751793802,0.6893152330768882,0.8352852997295085,,,,,,abilene,7,1.0,transformer,tuned_c,transformer:tuned_c,ml_only,6,128,4,3,0.1,150,0.003,3,1,0,0.5,0.5,0.25
moving_average,0.9929256624947504,1.1211483893686625,1.0524392271247864,2.726521764700855,1.393498374136752,0.6828923207942204,0.8362428977859866,0.3171076792057796,0.1637571022140133,0.6893096895802195,0.8363919514684437,,,,,,abilene,7,1.0,transformer,tuned_c,transformer:tuned_c,ml_only,6,128,4,3,0.1,150,0.003,3,1,0,0.5,0.5,0.25
lstm,0.8944340598873342,1.0130245624238368,0.8988882719589745,1.814413719615385,1.1438557721538465,0.6682446578750665,0.8356985850471248,0.3317553421249336,0.1643014149528752,0.6815640122405873,0.8393709346471053,,,,,,abilene,11,1.0,transformer,tuned_c,transformer:tuned_c,ml_only,6,128,4,3,0.1,150,0.003,3,1,0,0.5,0.5,0.25
transformer,0.8880659172393714,1.0066357387771716,0.908639821374359,1.831748672820513,1.1558270011162397,0.6677624110712379,0.8358035755889482,0.3322375889287621,0.1641964244110517,0.6814049200831204,0.8395808833106908,,,,,,abilene,11,1.0,transformer,tuned_c,transformer:tuned_c,ml_only,6,128,4,3,0.1,150,0.003,3,1,0,0.5,0.5,0.25
linear_autoregressive,0.4487388290776791,0.5721091095790738,0.9933776906358974,2.5414453615384613,1.275010977059829,0.6751568443022278,0.8327638133294015,0.3248431556977721,0.1672361866705984,0.6893584051661119,0.8376656100485621,,,,,,abilene,11,1.0,transformer,tuned_c,transformer:tuned_c,ml_only,6,128,4,3,0.1,150,0.003,3,1,0,0.5,0.5,0.25
moving_average,0.9434790001453393,1.0816941735208188,1.060547603217094,2.52218682542735,1.370083646,0.6724235118311216,0.8346572024664751,0.3275764881688785,0.1653427975335248,0.6874501034298354,0.8380189364583709,,,,,,abilene,11,1.0,transformer,tuned_c,transformer:tuned_c,ml_only,6,128,4,3,0.1,150,0.003,3,1,0,0.5,0.5,0.25
lstm,0.9702873941491446,1.082859892974691,0.8871091968000001,1.8609714587179484,1.1458623371111112,0.6884688067878162,0.8397627023180642,0.3115311932121839,0.1602372976819359,0.6862395640594465,0.8397198881558606,,,,,,abilene,13,1.0,transformer,tuned_c,transformer:tuned_c,ml_only,6,128,4,3,0.1,150,0.003,3,1,0,0.5,0.5,0.25
transformer,0.9494246882535696,1.062509529919899,0.9155516671794872,1.915308923974359,1.1807838739999998,0.6888338766232217,0.8397023905118176,0.3111661233767782,0.1602976094881823,0.6863283317036901,0.8396966719802348,,,,,,abilene,13,1.0,transformer,tuned_c,transformer:tuned_c,ml_only,6,128,4,3,0.1,150,0.003,3,1,0,0.5,0.5,0.25
linear_autoregressive,0.429683433838063,0.5363262124158182,0.9656694614700856,2.0503823603846154,1.260851404094017,0.6883171806681653,0.8400278302507826,0.3116828193318346,0.1599721697492174,0.6836800132322269,0.8396798726116926,,,,,,abilene,13,1.0,transformer,tuned_c,transformer:tuned_c,ml_only,6,128,4,3,0.1,150,0.003,3,1,0,0.5,0.5,0.25
moving_average,1.032204235475799,1.1556561772695506,1.0378016713504274,2.1910954765384614,1.3641339720598291,0.6885325862914246,0.8399294243438777,0.3114674137085754,0.1600705756561222,0.6849980076806287,0.8400811633861434,,,,,,abilene,13,1.0,transformer,tuned_c,transformer:tuned_c,ml_only,6,128,4,3,0.1,150,0.003,3,1,0,0.5,0.5,0.25
lstm,0.955824983113679,1.0610420626050543,1.0040051397166667,1.3752266800000004,1.0247874089957263,0.7508815379951764,0.8248637918420971,0.2491184620048236,0.1751362081579029,0.7450409122469499,0.8247861195575263,,,,,,nsfnet,7,1.0,transformer,tuned_c,transformer:tuned_c,ml_only,6,128,4,3,0.1,150,0.003,3,1,0,0.5,0.5,0.25
transformer,0.924970575621847,1.0287412310613002,1.0476120741521369,1.4356334026452993,1.0680887014615386,0.7502016832185512,0.8251313463722821,0.2497983167814489,0.1748686536277178,0.7462119931979032,0.8255085403407981,,,,,,nsfnet,7,1.0,transformer,tuned_c,transformer:tuned_c,ml_only,6,128,4,3,0.1,150,0.003,3,1,0,0.5,0.5,0.25
linear_autoregressive,0.4680766785685675,0.5702570888482369,1.1320063499649573,1.5500524362064103,1.2494036464529914,0.750520218148288,0.8251182706453513,0.2494797818517121,0.1748817293546488,0.7464308243067335,0.825605076550311,,,,,,nsfnet,7,1.0,transformer,tuned_c,transformer:tuned_c,ml_only,6,128,4,3,0.1,150,0.003,3,1,0,0.5,0.5,0.25
moving_average,1.0085282045316104,1.1201177758641878,1.190280098717094,1.6280654615512822,1.259353085931624,0.7509665639937145,0.8252081103454766,0.2490334360062854,0.1747918896545234,0.7458138282849447,0.8259288709941204,,,,,,nsfnet,7,1.0,transformer,tuned_c,transformer:tuned_c,ml_only,6,128,4,3,0.1,150,0.003,3,1,0,0.5,0.5,0.25
lstm,0.926240501559412,1.034145536040905,0.9493799605128204,1.3501478314017097,0.9848676473888888,0.744142315669015,0.826907468855479,0.255857684330985,0.1730925311445209,0.7402294264002024,0.8259299723307246,,,,,,nsfnet,11,1.0,transformer,tuned_c,transformer:tuned_c,ml_only,6,128,4,3,0.1,150,0.003,3,1,0,0.5,0.5,0.25
transformer,0.9111982902683154,1.019319500228084,0.9678971311076924,1.376038161131624,1.0047740225982906,0.7401055582500843,0.8274562945764706,0.2598944417499157,0.1725437054235294,0.7347355346506821,0.8264669868221473,,,,,,nsfnet,11,1.0,transformer,tuned_c,transformer:tuned_c,ml_only,6,128,4,3,0.1,150,0.003,3,1,0,0.5,0.5,0.25
linear_autoregressive,0.4112833602314894,0.5103748530256531,1.0896420848786326,1.538248977727778,1.2177642576068377,0.7425668262970423,0.8271161194042853,0.2574331737029576,0.1728838805957146,0.7381397565697078,0.8273842906974924,,,,,,nsfnet,11,1.0,transformer,tuned_c,transformer:tuned_c,ml_only,6,128,4,3,0.1,150,0.003,3,1,0,0.5,0.5,0.25
moving_average,0.9710378974016604,1.0854593066466058,1.1246430496666666,1.599219791286752,1.2125976204957265,0.7442723323338952,0.8272091519902877,0.2557276676661048,0.1727908480097123,0.7397142514881424,0.8264321491507824,,,,,,nsfnet,11,1.0,transformer,tuned_c,transformer:tuned_c,ml_only,6,128,4,3,0.1,150,0.003,3,1,0,0.5,0.5,0.25
lstm,0.9647387260177354,1.0688098739433534,0.9942980527666668,1.4399061977777778,1.0576685171538462,0.7464712885180972,0.8236830822789962,0.2535287114819028,0.1763169177210038,0.7507733728474022,0.8253666719189211,,,,,,nsfnet,13,1.0,transformer,tuned_c,transformer:tuned_c,ml_only,6,128,4,3,0.1,150,0.003,3,1,0,0.5,0.5,0.25
transformer,0.9418406668080856,1.0441420262810623,1.026301152328205,1.4883232363675214,1.0933137998632478,0.7549004674527647,0.8236629723434933,0.2450995325472352,0.1763370276565067,0.7620487170057889,0.8261658992273685,,,,,,nsfnet,13,1.0,transformer,tuned_c,transformer:tuned_c,ml_only,6,128,4,3,0.1,150,0.003,3,1,0,0.5,0.5,0.25
linear_autoregressive,0.4076165663029421,0.5064338735251572,1.1099499676923077,1.6022180043333334,1.2870697734222225,0.7569576729161607,0.8238924918594809,0.2430423270838392,0.1761075081405191,0.763562980268254,0.8259432769159916,,,,,,nsfnet,13,1.0,transformer,tuned_c,transformer:tuned_c,ml_only,6,128,4,3,0.1,150,0.003,3,1,0,0.5,0.5,0.25
moving_average,1.0144868547819077,1.1255592330810542,1.1801665028179489,1.7014524976153846,1.3035986924444445,0.7527855459033559,0.8235686718467838,0.2472144540966439,0.1764313281532161,0.7597924379494375,0.8264601863075178,,,,,,nsfnet,13,1.0,transformer,tuned_c,transformer:tuned_c,ml_only,6,128,4,3,0.1,150,0.003,3,1,0,0.5,0.5,0.25
uncertainty_aware_lstm_robust_lp,0.9279566830963965,1.0420578647100618,0.9239031586666666,2.0220731233333336,1.2081868684188033,0.6810879238520674,0.8371846484902661,0.3189120761479324,0.1628153515097339,0.6954635333018511,0.838437367033579,0.6164095401763916,1.517130732536316,1.0182989673180851,0.92390316,2.4637417,abilene,7,1.0,uncertainty,mult_0p1,uncertainty:mult_0p1,lp_only,8,128,8,2,0.1,160,0.001,3,1,0,0.5,0.5,0.1
robust_current_demand_lp,0.4433976826254998,0.606898227305894,1.019700093935043,2.5730114559401707,1.346240424880342,0.6799264553817911,0.836273053323494,0.3200735446182089,0.163726946676506,0.6876251524724033,0.8368437887579891,,,,1.0197000892307693,2.719200246153846,abilene,7,1.0,uncertainty,mult_0p1,uncertainty:mult_0p1,lp_only,8,128,8,2,0.1,160,0.001,3,1,0,0.5,0.5,0.1
current_demand_lp,0.4433976826254998,0.606898227305894,1.0197000942564105,2.644904238119658,1.346240424880342,0.6821081631954236,0.8356608677022078,0.3178918368045765,0.1643391322977921,0.6889323656775527,0.8358375184848105,,,,,,abilene,7,1.0,uncertainty,mult_0p1,uncertainty:mult_0p1,lp_only,8,128,8,2,0.1,160,0.001,3,1,0,0.5,0.5,0.1
uncertainty_aware_lstm_robust_lp,0.8819867278780898,1.001753768883526,0.9320892767521368,1.8847186566666665,1.1867169107521367,0.6708095364722463,0.8340394944913707,0.3291904635277537,0.1659605055086292,0.6818181845677965,0.8390529837680691,0.6002161502838135,1.4041348695755005,1.0185558654470752,0.93208928,2.4855714,abilene,11,1.0,uncertainty,mult_0p1,uncertainty:mult_0p1,lp_only,8,128,8,2,0.1,160,0.001,3,1,0,0.5,0.5,0.1
robust_current_demand_lp,0.4391067647187867,0.6118360794536963,1.026765458711111,2.6277400845299144,1.3255718974410255,0.669235961156221,0.8301187279948603,0.3307640388437791,0.1698812720051396,0.6908492417766401,0.835258984351893,,,,1.0267654538461537,2.7380412230769227,abilene,11,1.0,uncertainty,mult_0p1,uncertainty:mult_0p1,lp_only,8,128,8,2,0.1,160,0.001,3,1,0,0.5,0.5,0.1
current_demand_lp,0.4391067647187867,0.6118360794536963,1.0267654593880342,2.5717227874786324,1.3255718974410255,0.6740166055282312,0.8347448481727775,0.3259833944717689,0.1652551518272225,0.689273475870902,0.8385456568509256,,,,,,abilene,11,1.0,uncertainty,mult_0p1,uncertainty:mult_0p1,lp_only,8,128,8,2,0.1,160,0.001,3,1,0,0.5,0.5,0.1
uncertainty_aware_lstm_robust_lp,0.9596848073237316,1.0730961490737745,0.9209868748717948,2.455964992478632,1.1870552882051282,0.6911026362176151,0.8382386538168564,0.3088973637823848,0.1617613461831436,0.6911976877230251,0.8377180979647603,0.6327958703041077,1.2704874277114868,1.0181937274210484,0.92098687,2.455965,abilene,13,1.0,uncertainty,mult_0p1,uncertainty:mult_0p1,lp_only,8,128,8,2,0.1,160,0.001,3,1,0,0.5,0.5,0.1
robust_current_demand_lp,0.4605105672801152,0.6128938081046218,1.006094339928718,2.6829182362393165,1.323109288625641,0.6913894814213626,0.8364824554272255,0.3086105185786374,0.1635175445727744,0.6884409329015025,0.8345633989019936,,,,1.0060943323076923,2.682918246153846,abilene,13,1.0,uncertainty,mult_0p1,uncertainty:mult_0p1,lp_only,8,128,8,2,0.1,160,0.001,3,1,0,0.5,0.5,0.1
current_demand_lp,0.4605105672801152,0.6128938081046218,1.0060943399589743,2.1764712925641025,1.323109288625641,0.6889999316203799,0.8405474463153784,0.3110000683796201,0.1594525536846216,0.6846650632967785,0.8407121961660065,,,,,,abilene,13,1.0,uncertainty,mult_0p1,uncertainty:mult_0p1,lp_only,8,128,8,2,0.1,160,0.001,3,1,0,0.5,0.5,0.1
uncertainty_aware_lstm_robust_lp,0.9537070777087754,1.0595626127038025,1.0230608708888889,1.4047677029059829,1.0462028931111111,0.7615375744644044,0.8299125793723567,0.2384624255355955,0.1700874206276432,0.7551804476810635,0.8309740953609102,0.6234637498855591,1.1295514106750488,1.0185151560336532,1.0230609,1.8992824,nsfnet,7,1.0,uncertainty,mult_0p1,uncertainty:mult_0p1,lp_only,8,128,8,2,0.1,160,0.001,3,1,0,0.5,0.5,0.1
current_demand_lp,0.4531796980773516,0.588977510287038,1.1588839133162394,1.5818307889948715,1.2760194572820514,0.7506386288492964,0.8253923689665178,0.2493613711507036,0.1746076310334822,0.744614378911713,0.8271882342803697,,,,,,nsfnet,7,1.0,uncertainty,mult_0p1,uncertainty:mult_0p1,lp_only,8,128,8,2,0.1,160,0.001,3,1,0,0.5,0.5,0.1
robust_current_demand_lp,0.4531796980773516,0.588977510287038,1.1588839133589743,1.5818307889948715,1.2760194572820514,0.7625226489221194,0.8301252120654977,0.2374773510778806,0.1698747879345023,0.754829080772119,0.8321828532839789,,,,1.1588839023076924,2.1505148384615387,nsfnet,7,1.0,uncertainty,mult_0p1,uncertainty:mult_0p1,lp_only,8,128,8,2,0.1,160,0.001,3,1,0,0.5,0.5,0.1
uncertainty_aware_lstm_robust_lp,0.926015528287887,1.034796023899856,0.9684973166666668,1.3755172894222223,1.0053877778786324,0.7665225549114832,0.8330629779750958,0.2334774450885167,0.1669370220249042,0.7602215689619485,0.8314369083586011,0.605587899684906,1.1780002117156982,1.0186526814007837,0.96849732,1.8886957,nsfnet,11,1.0,uncertainty,mult_0p1,uncertainty:mult_0p1,lp_only,8,128,8,2,0.1,160,0.001,3,1,0,0.5,0.5,0.1
robust_current_demand_lp,0.4417701581022181,0.5781362915959939,1.092128738923077,1.5572736494811965,1.2252970682564102,0.7689885709138573,0.8334389550756087,0.2310114290861426,0.1665610449243913,0.7619504697547885,0.8300836562846824,,,,1.0921287246153846,2.1273938384615385,nsfnet,11,1.0,uncertainty,mult_0p1,uncertainty:mult_0p1,lp_only,8,128,8,2,0.1,160,0.001,3,1,0,0.5,0.5,0.1
current_demand_lp,0.4417701581022181,0.5781362915959939,1.0921287391068375,1.5572736494811965,1.2252970682564102,0.7450637480749209,0.8280040987767847,0.254936251925079,0.1719959012232152,0.7410816411689759,0.8269038334507826,,,,,,nsfnet,11,1.0,uncertainty,mult_0p1,uncertainty:mult_0p1,lp_only,8,128,8,2,0.1,160,0.001,3,1,0,0.5,0.5,0.1
uncertainty_aware_lstm_robust_lp,0.9633091790597608,1.0682840640569211,1.0138208333333334,1.4687055017094015,1.079286508948718,0.7656884058133596,0.8281723420128831,0.2343115941866403,0.1718276579871168,0.7681478583463768,0.8307378742821085,0.6300446391105652,1.2896050214767456,1.0185642481209398,1.0138208,2.0223168,nsfnet,13,1.0,uncertainty,mult_0p1,uncertainty:mult_0p1,lp_only,8,128,8,2,0.1,160,0.001,3,1,0,0.5,0.5,0.1
robust_current_demand_lp,0.4537682263795952,0.5858631056139951,1.1505184265384616,1.647733181760684,1.3165464363333332,0.7643701454181796,0.8280420302916364,0.2356298545818204,0.1719579697083637,0.766127693874749,0.832161014154984,,,,1.150518423076923,2.293931269230769,nsfnet,13,1.0,uncertainty,mult_0p1,uncertainty:mult_0p1,lp_only,8,128,8,2,0.1,160,0.001,3,1,0,0.5,0.5,0.1
current_demand_lp,0.4537682263795952,0.5858631056139951,1.1505184266324788,1.647733181760684,1.3165464363333332,0.7513911083011124,0.8233029760640662,0.2486088916988875,0.1766970239359337,0.7580359893316853,0.8271372642882338,,,,,,nsfnet,13,1.0,uncertainty,mult_0p1,uncertainty:mult_0p1,lp_only,8,128,8,2,0.1,160,0.001,3,1,0,0.5,0.5,0.1
uncertainty_aware_lstm_robust_lp,0.9279566830963965,1.0420578647100618,0.9500242044444444,2.0777950666666665,1.2420280415384617,0.6809286922137983,0.8371677603879168,0.3190713077862017,0.1628322396120832,0.6953459670449857,0.8384545093319699,0.6164095401763916,1.517130732536316,1.0457474049990665,0.9500242,2.5333979,abilene,7,1.0,uncertainty,mult_0p25,uncertainty:mult_0p25,lp_only,8,128,8,2,0.1,160,0.001,3,1,0,0.5,0.5,0.25
robust_current_demand_lp,0.4433976826254998,0.606898227305894,1.019700093935043,2.5730114559401707,1.346240424880342,0.6799264553817911,0.836273053323494,0.3200735446182089,0.163726946676506,0.6876251524724033,0.8368437887579891,,,,1.0197000892307693,2.719200246153846,abilene,7,1.0,uncertainty,mult_0p25,uncertainty:mult_0p25,lp_only,8,128,8,2,0.1,160,0.001,3,1,0,0.5,0.5,0.25
current_demand_lp,0.4433976826254998,0.606898227305894,1.0197000942564105,2.644904238119658,1.346240424880342,0.6821081631954236,0.8356608677022078,0.3178918368045765,0.1643391322977921,0.6889323656775527,0.8358375184848105,,,,,,abilene,7,1.0,uncertainty,mult_0p25,uncertainty:mult_0p25,lp_only,8,128,8,2,0.1,160,0.001,3,1,0,0.5,0.5,0.25
uncertainty_aware_lstm_robust_lp,0.8819867278780898,1.001753768883526,0.95884906974359,2.556930850427351,1.2208321776239317,0.6809465589662095,0.833213359625948,0.3190534410337906,0.166786640374052,0.6993488930242984,0.8391809281891724,0.6002161502838135,1.4041348695755005,1.0463896244912123,0.95884907,2.5569308153846158,abilene,11,1.0,uncertainty,mult_0p25,uncertainty:mult_0p25,lp_only,8,128,8,2,0.1,160,0.001,3,1,0,0.5,0.5,0.25
robust_current_demand_lp,0.4391067647187867,0.6118360794536963,1.026765458711111,2.6277400845299144,1.3255718974410255,0.669235961156221,0.8301187279948603,0.3307640388437791,0.1698812720051396,0.6908492417766401,0.835258984351893,,,,1.0267654538461537,2.7380412230769227,abilene,11,1.0,uncertainty,mult_0p25,uncertainty:mult_0p25,lp_only,8,128,8,2,0.1,160,0.001,3,1,0,0.5,0.5,0.25
current_demand_lp,0.4391067647187867,0.6118360794536963,1.0267654593880342,2.5717227874786324,1.3255718974410255,0.6740166055282312,0.8347448481727775,0.3259833944717689,0.1652551518272225,0.689273475870902,0.8385456568509256,,,,,,abilene,11,1.0,uncertainty,mult_0p25,uncertainty:mult_0p25,lp_only,8,128,8,2,0.1,160,0.001,3,1,0,0.5,0.5,0.25
uncertainty_aware_lstm_robust_lp,0.9596848073237316,1.0730961490737745,0.9468887392991452,2.525036631794872,1.219844680547009,0.6911355260014216,0.8382489443756778,0.3088644739985783,0.1617510556243222,0.6914269509022932,0.8377980090646245,0.6327958703041077,1.2704874277114868,1.0454842362554246,0.94688874,2.5250366,abilene,13,1.0,uncertainty,mult_0p25,uncertainty:mult_0p25,lp_only,8,128,8,2,0.1,160,0.001,3,1,0,0.5,0.5,0.25
robust_current_demand_lp,0.4605105672801152,0.6128938081046218,1.006094339928718,2.6829182362393165,1.323109288625641,0.6913894814213626,0.8364824554272255,0.3086105185786374,0.1635175445727744,0.6884409329015025,0.8345633989019936,,,,1.0060943323076923,2.682918246153846,abilene,13,1.0,uncertainty,mult_0p25,uncertainty:mult_0p25,lp_only,8,128,8,2,0.1,160,0.001,3,1,0,0.5,0.5,0.25
current_demand_lp,0.4605105672801152,0.6128938081046218,1.0060943399589743,2.1764712925641025,1.323109288625641,0.6889999316203799,0.8405474463153784,0.3110000683796201,0.1594525536846216,0.6846650632967785,0.8407121961660065,,,,,,abilene,13,1.0,uncertainty,mult_0p25,uncertainty:mult_0p25,lp_only,8,128,8,2,0.1,160,0.001,3,1,0,0.5,0.5,0.25
uncertainty_aware_lstm_robust_lp,0.9537070777087754,1.0595626127038025,1.051097666,1.44309172991453,1.0747536432307692,0.7613004244887072,0.829909098314373,0.2386995755112928,0.170090901685627,0.7549428645146344,0.8309921146717668,0.6234637498855591,1.1295514106750488,1.0462878841220518,1.0510977,1.9517607,nsfnet,7,1.0,uncertainty,mult_0p25,uncertainty:mult_0p25,lp_only,8,128,8,2,0.1,160,0.001,3,1,0,0.5,0.5,0.25
current_demand_lp,0.4531796980773516,0.588977510287038,1.1588839133162394,1.5818307889948715,1.2760194572820514,0.7506386288492964,0.8253923689665178,0.2493613711507036,0.1746076310334822,0.744614378911713,0.8271882342803697,,,,,,nsfnet,7,1.0,uncertainty,mult_0p25,uncertainty:mult_0p25,lp_only,8,128,8,2,0.1,160,0.001,3,1,0,0.5,0.5,0.25
robust_current_demand_lp,0.4531796980773516,0.588977510287038,1.1588839133589743,1.5818307889948715,1.2760194572820514,0.7625226489221194,0.8301252120654977,0.2374773510778806,0.1698747879345023,0.754829080772119,0.8321828532839789,,,,1.1588839023076924,2.1505148384615387,nsfnet,7,1.0,uncertainty,mult_0p25,uncertainty:mult_0p25,lp_only,8,128,8,2,0.1,160,0.001,3,1,0,0.5,0.5,0.25
uncertainty_aware_lstm_robust_lp,0.926015528287887,1.034796023899856,0.99518244,1.412913325,1.0328356019034188,0.7663898928972602,0.8330565587935771,0.2336101071027398,0.1669434412064228,0.7600808841883621,0.8314535405733572,0.605587899684906,1.1780002117156982,1.046631792363146,0.99518244,1.9396734,nsfnet,11,1.0,uncertainty,mult_0p25,uncertainty:mult_0p25,lp_only,8,128,8,2,0.1,160,0.001,3,1,0,0.5,0.5,0.25
robust_current_demand_lp,0.4417701581022181,0.5781362915959939,1.092128738923077,1.5572736494811965,1.2252970682564102,0.7689885709138573,0.8334389550756087,0.2310114290861426,0.1665610449243913,0.7619504697547885,0.8300836562846824,,,,1.0921287246153846,2.1273938384615385,nsfnet,11,1.0,uncertainty,mult_0p25,uncertainty:mult_0p25,lp_only,8,128,8,2,0.1,160,0.001,3,1,0,0.5,0.5,0.25
current_demand_lp,0.4417701581022181,0.5781362915959939,1.0921287391068375,1.5572736494811965,1.2252970682564102,0.7450637480749209,0.8280040987767847,0.254936251925079,0.1719959012232152,0.7410816411689759,0.8269038334507826,,,,,,nsfnet,11,1.0,uncertainty,mult_0p25,uncertainty:mult_0p25,lp_only,8,128,8,2,0.1,160,0.001,3,1,0,0.5,0.5,0.25
uncertainty_aware_lstm_robust_lp,0.9633091790597608,1.0682840640569211,1.041984997863248,1.5096742178205127,1.1091867748547009,0.7653827848856178,0.828233722568265,0.2346172151143822,0.1717662774317349,0.7676526623191446,0.830754946277134,0.6300446391105652,1.2896050214767456,1.0464106381286502,1.041985,2.0774423,nsfnet,13,1.0,uncertainty,mult_0p25,uncertainty:mult_0p25,lp_only,8,128,8,2,0.1,160,0.001,3,1,0,0.5,0.5,0.25
robust_current_demand_lp,0.4537682263795952,0.5858631056139951,1.1505184265384616,1.647733181760684,1.3165464363333332,0.7643701454181796,0.8280420302916364,0.2356298545818204,0.1719579697083637,0.766127693874749,0.832161014154984,,,,1.150518423076923,2.293931269230769,nsfnet,13,1.0,uncertainty,mult_0p25,uncertainty:mult_0p25,lp_only,8,128,8,2,0.1,160,0.001,3,1,0,0.5,0.5,0.25
current_demand_lp,0.4537682263795952,0.5858631056139951,1.1505184266324788,1.647733181760684,1.3165464363333332,0.7513911083011124,0.8233029760640662,0.2486088916988875,0.1766970239359337,0.7580359893316853,0.8271372642882338,,,,,,nsfnet,13,1.0,uncertainty,mult_0p25,uncertainty:mult_0p25,lp_only,8,128,8,2,0.1,160,0.001,3,1,0,0.5,0.5,0.25
uncertainty_aware_lstm_robust_lp,0.9279566830963965,1.0420578647100618,0.9761452422222222,2.133516981666667,1.275869203982906,0.6807776036275404,0.8371517375755051,0.3192223963724597,0.1628482624244949,0.6952328135080752,0.8384702340859783,0.6164095401763916,1.517130732536316,1.0731958380005229,0.97614524,2.603054,abilene,7,1.0,uncertainty,mult_0p4,uncertainty:mult_0p4,lp_only,8,128,8,2,0.1,160,0.001,3,1,0,0.5,0.5,0.4
robust_current_demand_lp,0.4433976826254998,0.606898227305894,1.019700093935043,2.5730114559401707,1.346240424880342,0.6799264553817911,0.836273053323494,0.3200735446182089,0.163726946676506,0.6876251524724033,0.8368437887579891,,,,1.0197000892307693,2.719200246153846,abilene,7,1.0,uncertainty,mult_0p4,uncertainty:mult_0p4,lp_only,8,128,8,2,0.1,160,0.001,3,1,0,0.5,0.5,0.4
current_demand_lp,0.4433976826254998,0.606898227305894,1.0197000942564105,2.644904238119658,1.346240424880342,0.6821081631954236,0.8356608677022078,0.3178918368045765,0.1643391322977921,0.6889323656775527,0.8358375184848105,,,,,,abilene,7,1.0,uncertainty,mult_0p4,uncertainty:mult_0p4,lp_only,8,128,8,2,0.1,160,0.001,3,1,0,0.5,0.5,0.4
uncertainty_aware_lstm_robust_lp,0.8819867278780898,1.001753768883526,0.985608859097436,2.62829029025641,1.2549474335470083,0.6710944875436149,0.831678885242427,0.3289055124563851,0.1683211147575731,0.6906080911253532,0.8369701896741041,0.6002161502838135,1.4041348695755005,1.0742233724768482,0.98560886,2.6282903,abilene,11,1.0,uncertainty,mult_0p4,uncertainty:mult_0p4,lp_only,8,128,8,2,0.1,160,0.001,3,1,0,0.5,0.5,0.4
robust_current_demand_lp,0.4391067647187867,0.6118360794536963,1.026765458711111,2.6277400845299144,1.3255718974410255,0.669235961156221,0.8301187279948603,0.3307640388437791,0.1698812720051396,0.6908492417766401,0.835258984351893,,,,1.0267654538461537,2.7380412230769227,abilene,11,1.0,uncertainty,mult_0p4,uncertainty:mult_0p4,lp_only,8,128,8,2,0.1,160,0.001,3,1,0,0.5,0.5,0.4
current_demand_lp,0.4391067647187867,0.6118360794536963,1.0267654593880342,2.5717227874786324,1.3255718974410255,0.6740166055282312,0.8347448481727775,0.3259833944717689,0.1652551518272225,0.689273475870902,0.8385456568509256,,,,,,abilene,11,1.0,uncertainty,mult_0p4,uncertainty:mult_0p4,lp_only,8,128,8,2,0.1,160,0.001,3,1,0,0.5,0.5,0.4
uncertainty_aware_lstm_robust_lp,0.9596848073237316,1.0730961490737745,0.97279061,2.5941082907692308,1.252669943880342,0.6911667426118348,0.8382587121066655,0.3088332573881652,0.1617412878933346,0.6916239653948743,0.8378674716319746,0.6327958703041077,1.2704874277114868,1.0727747346746406,0.9727906092307692,2.5941083,abilene,13,1.0,uncertainty,mult_0p4,uncertainty:mult_0p4,lp_only,8,128,8,2,0.1,160,0.001,3,1,0,0.5,0.5,0.4
robust_current_demand_lp,0.4605105672801152,0.6128938081046218,1.006094339928718,2.6829182362393165,1.323109288625641,0.6913894814213626,0.8364824554272255,0.3086105185786374,0.1635175445727744,0.6884409329015025,0.8345633989019936,,,,1.0060943323076923,2.682918246153846,abilene,13,1.0,uncertainty,mult_0p4,uncertainty:mult_0p4,lp_only,8,128,8,2,0.1,160,0.001,3,1,0,0.5,0.5,0.4
current_demand_lp,0.4605105672801152,0.6128938081046218,1.0060943399589743,2.1764712925641025,1.323109288625641,0.6889999316203799,0.8405474463153784,0.3110000683796201,0.1594525536846216,0.6846650632967785,0.8407121961660065,,,,,,abilene,13,1.0,uncertainty,mult_0p4,uncertainty:mult_0p4,lp_only,8,128,8,2,0.1,160,0.001,3,1,0,0.5,0.5,0.4
uncertainty_aware_lstm_robust_lp,0.9537070777087754,1.0595626127038025,1.0791344634700857,1.4814157676923072,1.103304389094017,0.76107553825224,0.8299057966285692,0.23892446174776,0.1700942033714308,0.7547135593866604,0.8310068529795106,0.6234637498855591,1.1295514106750488,1.0740606146597378,1.0791345,2.0042389,nsfnet,7,1.0,uncertainty,mult_0p4,uncertainty:mult_0p4,lp_only,8,128,8,2,0.1,160,0.001,3,1,0,0.5,0.5,0.4
current_demand_lp,0.4531796980773516,0.588977510287038,1.1588839133162394,1.5818307889948715,1.2760194572820514,0.7506386288492964,0.8253923689665178,0.2493613711507036,0.1746076310334822,0.744614378911713,0.8271882342803697,,,,,,nsfnet,7,1.0,uncertainty,mult_0p4,uncertainty:mult_0p4,lp_only,8,128,8,2,0.1,160,0.001,3,1,0,0.5,0.5,0.4
robust_current_demand_lp,0.4531796980773516,0.588977510287038,1.1588839133589743,1.5818307889948715,1.2760194572820514,0.7625226489221194,0.8301252120654977,0.2374773510778806,0.1698747879345023,0.754829080772119,0.8321828532839789,,,,1.1588839023076924,2.1505148384615387,nsfnet,7,1.0,uncertainty,mult_0p4,uncertainty:mult_0p4,lp_only,8,128,8,2,0.1,160,0.001,3,1,0,0.5,0.5,0.4
uncertainty_aware_lstm_robust_lp,0.926015528287887,1.034796023899856,1.02186755,1.4503093602222223,1.0602834052735042,0.7662641453796812,0.8330504752695641,0.2337358546203187,0.1669495247304359,0.7599431218024572,0.8314673150617693,0.605587899684906,1.1780002117156982,1.0746109007183342,1.0218675,1.990651,nsfnet,11,1.0,uncertainty,mult_0p4,uncertainty:mult_0p4,lp_only,8,128,8,2,0.1,160,0.001,3,1,0,0.5,0.5,0.4
robust_current_demand_lp,0.4417701581022181,0.5781362915959939,1.092128738923077,1.5572736494811965,1.2252970682564102,0.7689885709138573,0.8334389550756087,0.2310114290861426,0.1665610449243913,0.7619504697547885,0.8300836562846824,,,,1.0921287246153846,2.1273938384615385,nsfnet,11,1.0,uncertainty,mult_0p4,uncertainty:mult_0p4,lp_only,8,128,8,2,0.1,160,0.001,3,1,0,0.5,0.5,0.4
current_demand_lp,0.4417701581022181,0.5781362915959939,1.0921287391068375,1.5572736494811965,1.2252970682564102,0.7450637480749209,0.8280040987767847,0.254936251925079,0.1719959012232152,0.7410816411689759,0.8269038334507826,,,,,,nsfnet,11,1.0,uncertainty,mult_0p4,uncertainty:mult_0p4,lp_only,8,128,8,2,0.1,160,0.001,3,1,0,0.5,0.5,0.4
uncertainty_aware_lstm_robust_lp,0.9633091790597608,1.0682840640569211,1.0701491600897437,1.5506429508974358,1.1390870382905982,0.7650930064289432,0.8282919197053367,0.2349069935710568,0.1717080802946633,0.7671661553064232,0.8307640585927676,0.6300446391105652,1.2896050214767456,1.0742570282322872,1.0701492,2.1325677,nsfnet,13,1.0,uncertainty,mult_0p4,uncertainty:mult_0p4,lp_only,8,128,8,2,0.1,160,0.001,3,1,0,0.5,0.5,0.4
robust_current_demand_lp,0.4537682263795952,0.5858631056139951,1.1505184265384616,1.647733181760684,1.3165464363333332,0.7643701454181796,0.8280420302916364,0.2356298545818204,0.1719579697083637,0.766127693874749,0.832161014154984,,,,1.150518423076923,2.293931269230769,nsfnet,13,1.0,uncertainty,mult_0p4,uncertainty:mult_0p4,lp_only,8,128,8,2,0.1,160,0.001,3,1,0,0.5,0.5,0.4
current_demand_lp,0.4537682263795952,0.5858631056139951,1.1505184266324788,1.647733181760684,1.3165464363333332,0.7513911083011124,0.8233029760640662,0.2486088916988875,0.1766970239359337,0.7580359893316853,0.8271372642882338,,,,,,nsfnet,13,1.0,uncertainty,mult_0p4,uncertainty:mult_0p4,lp_only,8,128,8,2,0.1,160,0.001,3,1,0,0.5,0.5,0.4
uncertainty_aware_lstm_robust_lp,0.9279566830963965,1.0420578647100618,0.99355926,2.170664928333333,1.2984299736495726,0.6800514616680841,0.836850248754645,0.319948538331916,0.163149751245355,0.6909090928548423,0.8359344947060917,0.6164095401763916,1.517130732536316,1.0914947952846288,0.99355926,2.6494914,abilene,7,1.0,uncertainty,mult_0p5,uncertainty:mult_0p5,lp_only,8,128,8,2,0.1,160,0.001,3,1,0,0.5,0.5,0.5
robust_current_demand_lp,0.4433976826254998,0.606898227305894,1.019700093935043,2.5730114559401707,1.346240424880342,0.6799264553817911,0.836273053323494,0.3200735446182089,0.163726946676506,0.6876251524724033,0.8368437887579891,,,,1.0197000892307693,2.719200246153846,abilene,7,1.0,uncertainty,mult_0p5,uncertainty:mult_0p5,lp_only,8,128,8,2,0.1,160,0.001,3,1,0,0.5,0.5,0.5
current_demand_lp,0.4433976826254998,0.606898227305894,1.0197000942564105,2.644904238119658,1.346240424880342,0.6821081631954236,0.8356608677022078,0.3178918368045765,0.1643391322977921,0.6889323656775527,0.8358375184848105,,,,,,abilene,7,1.0,uncertainty,mult_0p5,uncertainty:mult_0p5,lp_only,8,128,8,2,0.1,160,0.001,3,1,0,0.5,0.5,0.5
uncertainty_aware_lstm_robust_lp,0.8819867278780898,1.001753768883526,1.0034487094017093,2.67586321965812,1.2776909296752137,0.6711188794678355,0.8316706546497533,0.3288811205321644,0.1683293453502466,0.6906226275185807,0.8369746672863508,0.6002161502838135,1.4041348695755005,1.0927792052638592,1.0034487,2.6758632,abilene,11,1.0,uncertainty,mult_0p5,uncertainty:mult_0p5,lp_only,8,128,8,2,0.1,160,0.001,3,1,0,0.5,0.5,0.5
robust_current_demand_lp,0.4391067647187867,0.6118360794536963,1.026765458711111,2.6277400845299144,1.3255718974410255,0.669235961156221,0.8301187279948603,0.3307640388437791,0.1698812720051396,0.6908492417766401,0.835258984351893,,,,1.0267654538461537,2.7380412230769227,abilene,11,1.0,uncertainty,mult_0p5,uncertainty:mult_0p5,lp_only,8,128,8,2,0.1,160,0.001,3,1,0,0.5,0.5,0.5
current_demand_lp,0.4391067647187867,0.6118360794536963,1.0267654593880342,2.5717227874786324,1.3255718974410255,0.6740166055282312,0.8347448481727775,0.3259833944717689,0.1652551518272225,0.689273475870902,0.8385456568509256,,,,,,abilene,11,1.0,uncertainty,mult_0p5,uncertainty:mult_0p5,lp_only,8,128,8,2,0.1,160,0.001,3,1,0,0.5,0.5,0.5
uncertainty_aware_lstm_robust_lp,0.9596848073237316,1.0730961490737745,0.9900585400307697,2.6401561023931626,1.2748650034444444,0.6911866864816419,0.8382649526582503,0.3088133135183581,0.1617350473417496,0.6917392695575272,0.8382188229982948,0.6327958703041077,1.2704874277114868,1.0909684093662173,0.9900585392307693,2.6401561,abilene,13,1.0,uncertainty,mult_0p5,uncertainty:mult_0p5,lp_only,8,128,8,2,0.1,160,0.001,3,1,0,0.5,0.5,0.5
robust_current_demand_lp,0.4605105672801152,0.6128938081046218,1.006094339928718,2.6829182362393165,1.323109288625641,0.6913894814213626,0.8364824554272255,0.3086105185786374,0.1635175445727744,0.6884409329015025,0.8345633989019936,,,,1.0060943323076923,2.682918246153846,abilene,13,1.0,uncertainty,mult_0p5,uncertainty:mult_0p5,lp_only,8,128,8,2,0.1,160,0.001,3,1,0,0.5,0.5,0.5
current_demand_lp,0.4605105672801152,0.6128938081046218,1.0060943399589743,2.1764712925641025,1.323109288625641,0.6889999316203799,0.8405474463153784,0.3110000683796201,0.1594525536846216,0.6846650632967785,0.8407121961660065,,,,,,abilene,13,1.0,uncertainty,mult_0p5,uncertainty:mult_0p5,lp_only,8,128,8,2,0.1,160,0.001,3,1,0,0.5,0.5,0.5
uncertainty_aware_lstm_robust_lp,0.9537070777087754,1.0595626127038025,1.0978256652564102,1.5069651226239318,1.1223382237692308,0.7609319713644564,0.8299036884090172,0.2390680286355435,0.1700963115909828,0.7545651335552633,0.8310150661738516,0.6234637498855591,1.1295514106750488,1.0925757718535796,1.0978257,2.0392244,nsfnet,7,1.0,uncertainty,mult_0p5,uncertainty:mult_0p5,lp_only,8,128,8,2,0.1,160,0.001,3,1,0,0.5,0.5,0.5
current_demand_lp,0.4531796980773516,0.588977510287038,1.1588839133162394,1.5818307889948715,1.2760194572820514,0.7506386288492964,0.8253923689665178,0.2493613711507036,0.1746076310334822,0.744614378911713,0.8271882342803697,,,,,,nsfnet,7,1.0,uncertainty,mult_0p5,uncertainty:mult_0p5,lp_only,8,128,8,2,0.1,160,0.001,3,1,0,0.5,0.5,0.5
robust_current_demand_lp,0.4531796980773516,0.588977510287038,1.1588839133589743,1.5818307889948715,1.2760194572820514,0.7625226489221194,0.8301252120654977,0.2374773510778806,0.1698747879345023,0.754829080772119,0.8321828532839789,,,,1.1588839023076924,2.1505148384615387,nsfnet,7,1.0,uncertainty,mult_0p5,uncertainty:mult_0p5,lp_only,8,128,8,2,0.1,160,0.001,3,1,0,0.5,0.5,0.5
uncertainty_aware_lstm_robust_lp,0.926015528287887,1.034796023899856,1.0396576224999998,1.475240045111111,1.0785819466324786,0.7661838859071035,0.8330465927360978,0.2338161140928964,0.1669534072639021,0.7598529900328781,0.8314751053354861,0.605587899684906,1.1780002117156982,1.0932636368697757,1.0396576,2.0246361,nsfnet,11,1.0,uncertainty,mult_0p5,uncertainty:mult_0p5,lp_only,8,128,8,2,0.1,160,0.001,3,1,0,0.5,0.5,0.5
robust_current_demand_lp,0.4417701581022181,0.5781362915959939,1.092128738923077,1.5572736494811965,1.2252970682564102,0.7689885709138573,0.8334389550756087,0.2310114290861426,0.1665610449243913,0.7619504697547885,0.8300836562846824,,,,1.0921287246153846,2.1273938384615385,nsfnet,11,1.0,uncertainty,mult_0p5,uncertainty:mult_0p5,lp_only,8,128,8,2,0.1,160,0.001,3,1,0,0.5,0.5,0.5
current_demand_lp,0.4417701581022181,0.5781362915959939,1.0921287391068375,1.5572736494811965,1.2252970682564102,0.7450637480749209,0.8280040987767847,0.254936251925079,0.1719959012232152,0.7410816411689759,0.8269038334507826,,,,,,nsfnet,11,1.0,uncertainty,mult_0p5,uncertainty:mult_0p5,lp_only,8,128,8,2,0.1,160,0.001,3,1,0,0.5,0.5,0.5
uncertainty_aware_lstm_robust_lp,0.9633091790597608,1.0682840640569211,1.0889252866666663,1.5779554444444448,1.1590205545128205,0.7649080265178863,0.8283290703800916,0.2350919734821137,0.1716709296199083,0.7668469855609253,0.8307662779780693,0.6300446391105652,1.2896050214767456,1.0928212897829064,1.0889253,2.169318,nsfnet,13,1.0,uncertainty,mult_0p5,uncertainty:mult_0p5,lp_only,8,128,8,2,0.1,160,0.001,3,1,0,0.5,0.5,0.5
robust_current_demand_lp,0.4537682263795952,0.5858631056139951,1.1505184265384616,1.647733181760684,1.3165464363333332,0.7643701454181796,0.8280420302916364,0.2356298545818204,0.1719579697083637,0.766127693874749,0.832161014154984,,,,1.150518423076923,2.293931269230769,nsfnet,13,1.0,uncertainty,mult_0p5,uncertainty:mult_0p5,lp_only,8,128,8,2,0.1,160,0.001,3,1,0,0.5,0.5,0.5
current_demand_lp,0.4537682263795952,0.5858631056139951,1.1505184266324788,1.647733181760684,1.3165464363333332,0.7513911083011124,0.8233029760640662,0.2486088916988875,0.1766970239359337,0.7580359893316853,0.8271372642882338,,,,,,nsfnet,13,1.0,uncertainty,mult_0p5,uncertainty:mult_0p5,lp_only,8,128,8,2,0.1,160,0.001,3,1,0,0.5,0.5,0.5
uncertainty_aware_lstm_robust_lp,0.9279566830963965,1.0420578647100618,0.9500242044444444,2.0777950666666665,1.2420280415384617,0.6809286922137983,0.8371677603879168,0.3190713077862017,0.1628322396120832,0.6953459670449857,0.8384545093319699,0.6164095401763916,1.517130732536316,1.0457474049990665,0.9500242,2.5333979,abilene,7,1.0,robust,nominal_s2,robust:nominal_s2,lp_only,8,128,8,2,0.1,160,0.001,2,1,0,0.7,0.3,0.25
robust_current_demand_lp,0.4433976826254998,0.606898227305894,1.019700093935043,2.5730114559401707,1.346240424880342,0.6799264553817911,0.836273053323494,0.3200735446182089,0.163726946676506,0.6876251524724033,0.8368437887579891,,,,1.0197000892307693,2.719200246153846,abilene,7,1.0,robust,nominal_s2,robust:nominal_s2,lp_only,8,128,8,2,0.1,160,0.001,2,1,0,0.7,0.3,0.25
current_demand_lp,0.4433976826254998,0.606898227305894,1.0197000942564105,2.644904238119658,1.346240424880342,0.6821081631954236,0.8356608677022078,0.3178918368045765,0.1643391322977921,0.6889323656775527,0.8358375184848105,,,,,,abilene,7,1.0,robust,nominal_s2,robust:nominal_s2,lp_only,8,128,8,2,0.1,160,0.001,2,1,0,0.7,0.3,0.25
uncertainty_aware_lstm_robust_lp,0.8819867278780898,1.001753768883526,0.95884906974359,2.556930850427351,1.2208321776239317,0.6809465589662095,0.833213359625948,0.3190534410337906,0.166786640374052,0.6993488930242984,0.8391809281891724,0.6002161502838135,1.4041348695755005,1.0463896244912123,0.95884907,2.5569308153846158,abilene,11,1.0,robust,nominal_s2,robust:nominal_s2,lp_only,8,128,8,2,0.1,160,0.001,2,1,0,0.7,0.3,0.25
robust_current_demand_lp,0.4391067647187867,0.6118360794536963,1.026765458711111,2.6277400845299144,1.3255718974410255,0.669235961156221,0.8301187279948603,0.3307640388437791,0.1698812720051396,0.6908492417766401,0.835258984351893,,,,1.0267654538461537,2.7380412230769227,abilene,11,1.0,robust,nominal_s2,robust:nominal_s2,lp_only,8,128,8,2,0.1,160,0.001,2,1,0,0.7,0.3,0.25
current_demand_lp,0.4391067647187867,0.6118360794536963,1.0267654593880342,2.5717227874786324,1.3255718974410255,0.6740166055282312,0.8347448481727775,0.3259833944717689,0.1652551518272225,0.689273475870902,0.8385456568509256,,,,,,abilene,11,1.0,robust,nominal_s2,robust:nominal_s2,lp_only,8,128,8,2,0.1,160,0.001,2,1,0,0.7,0.3,0.25
uncertainty_aware_lstm_robust_lp,0.9596848073237316,1.0730961490737745,0.9468887392991452,2.525036631794872,1.219844680547009,0.6911355260014216,0.8382489443756778,0.3088644739985783,0.1617510556243222,0.6914269509022932,0.8377980090646245,0.6327958703041077,1.2704874277114868,1.0454842362554246,0.94688874,2.5250366,abilene,13,1.0,robust,nominal_s2,robust:nominal_s2,lp_only,8,128,8,2,0.1,160,0.001,2,1,0,0.7,0.3,0.25
robust_current_demand_lp,0.4605105672801152,0.6128938081046218,1.006094339928718,2.6829182362393165,1.323109288625641,0.6913894814213626,0.8364824554272255,0.3086105185786374,0.1635175445727744,0.6884409329015025,0.8345633989019936,,,,1.0060943323076923,2.682918246153846,abilene,13,1.0,robust,nominal_s2,robust:nominal_s2,lp_only,8,128,8,2,0.1,160,0.001,2,1,0,0.7,0.3,0.25
current_demand_lp,0.4605105672801152,0.6128938081046218,1.0060943399589743,2.1764712925641025,1.323109288625641,0.6889999316203799,0.8405474463153784,0.3110000683796201,0.1594525536846216,0.6846650632967785,0.8407121961660065,,,,,,abilene,13,1.0,robust,nominal_s2,robust:nominal_s2,lp_only,8,128,8,2,0.1,160,0.001,2,1,0,0.7,0.3,0.25
uncertainty_aware_lstm_robust_lp,0.9537070777087754,1.0595626127038025,1.051097666,1.44309172991453,1.0747536432307692,0.7613004244887072,0.829909098314373,0.2386995755112928,0.170090901685627,0.7549428645146344,0.8309921146717668,0.6234637498855591,1.1295514106750488,1.0462878841220518,1.0510977,1.9517607,nsfnet,7,1.0,robust,nominal_s2,robust:nominal_s2,lp_only,8,128,8,2,0.1,160,0.001,2,1,0,0.7,0.3,0.25
current_demand_lp,0.4531796980773516,0.588977510287038,1.1588839133162394,1.5818307889948715,1.2760194572820514,0.7506386288492964,0.8253923689665178,0.2493613711507036,0.1746076310334822,0.744614378911713,0.8271882342803697,,,,,,nsfnet,7,1.0,robust,nominal_s2,robust:nominal_s2,lp_only,8,128,8,2,0.1,160,0.001,2,1,0,0.7,0.3,0.25
robust_current_demand_lp,0.4531796980773516,0.588977510287038,1.1588839133589743,1.5818307889948715,1.2760194572820514,0.7625226489221194,0.8301252120654977,0.2374773510778806,0.1698747879345023,0.754829080772119,0.8321828532839789,,,,1.1588839023076924,2.1505148384615387,nsfnet,7,1.0,robust,nominal_s2,robust:nominal_s2,lp_only,8,128,8,2,0.1,160,0.001,2,1,0,0.7,0.3,0.25
uncertainty_aware_lstm_robust_lp,0.926015528287887,1.034796023899856,0.99518244,1.412913325,1.0328356019034188,0.7663898928972602,0.8330565587935771,0.2336101071027398,0.1669434412064228,0.7600808841883621,0.8314535405733572,0.605587899684906,1.1780002117156982,1.046631792363146,0.99518244,1.9396734,nsfnet,11,1.0,robust,nominal_s2,robust:nominal_s2,lp_only,8,128,8,2,0.1,160,0.001,2,1,0,0.7,0.3,0.25
robust_current_demand_lp,0.4417701581022181,0.5781362915959939,1.092128738923077,1.5572736494811965,1.2252970682564102,0.7689885709138573,0.8334389550756087,0.2310114290861426,0.1665610449243913,0.7619504697547885,0.8300836562846824,,,,1.0921287246153846,2.1273938384615385,nsfnet,11,1.0,robust,nominal_s2,robust:nominal_s2,lp_only,8,128,8,2,0.1,160,0.001,2,1,0,0.7,0.3,0.25
current_demand_lp,0.4417701581022181,0.5781362915959939,1.0921287391068375,1.5572736494811965,1.2252970682564102,0.7450637480749209,0.8280040987767847,0.254936251925079,0.1719959012232152,0.7410816411689759,0.8269038334507826,,,,,,nsfnet,11,1.0,robust,nominal_s2,robust:nominal_s2,lp_only,8,128,8,2,0.1,160,0.001,2,1,0,0.7,0.3,0.25
uncertainty_aware_lstm_robust_lp,0.9633091790597608,1.0682840640569211,1.041984997863248,1.5096742178205127,1.1091867748547009,0.7653827848856178,0.828233722568265,0.2346172151143822,0.1717662774317349,0.7676526623191446,0.830754946277134,0.6300446391105652,1.2896050214767456,1.0464106381286502,1.041985,2.0774423,nsfnet,13,1.0,robust,nominal_s2,robust:nominal_s2,lp_only,8,128,8,2,0.1,160,0.001,2,1,0,0.7,0.3,0.25
robust_current_demand_lp,0.4537682263795952,0.5858631056139951,1.1505184265384616,1.647733181760684,1.3165464363333332,0.7643701454181796,0.8280420302916364,0.2356298545818204,0.1719579697083637,0.766127693874749,0.832161014154984,,,,1.150518423076923,2.293931269230769,nsfnet,13,1.0,robust,nominal_s2,robust:nominal_s2,lp_only,8,128,8,2,0.1,160,0.001,2,1,0,0.7,0.3,0.25
current_demand_lp,0.4537682263795952,0.5858631056139951,1.1505184266324788,1.647733181760684,1.3165464363333332,0.7513911083011124,0.8233029760640662,0.2486088916988875,0.1766970239359337,0.7580359893316853,0.8271372642882338,,,,,,nsfnet,13,1.0,robust,nominal_s2,robust:nominal_s2,lp_only,8,128,8,2,0.1,160,0.001,2,1,0,0.7,0.3,0.25
uncertainty_aware_lstm_robust_lp,0.9279566830963965,1.0420578647100618,0.9500242044444444,2.0777950666666665,1.2420280415384617,0.6809286922137983,0.8371677603879168,0.3190713077862017,0.1628322396120832,0.6953459670449857,0.8384545093319699,0.6164095401763916,1.517130732536316,1.0457474049990665,0.9500242,2.5333979,abilene,7,1.0,robust,balanced_s3,robust:balanced_s3,lp_only,8,128,8,2,0.1,160,0.001,3,1,0,0.5,0.5,0.25
robust_current_demand_lp,0.4433976826254998,0.606898227305894,1.019700093935043,2.5730114559401707,1.346240424880342,0.6799264553817911,0.836273053323494,0.3200735446182089,0.163726946676506,0.6876251524724033,0.8368437887579891,,,,1.0197000892307693,2.719200246153846,abilene,7,1.0,robust,balanced_s3,robust:balanced_s3,lp_only,8,128,8,2,0.1,160,0.001,3,1,0,0.5,0.5,0.25
current_demand_lp,0.4433976826254998,0.606898227305894,1.0197000942564105,2.644904238119658,1.346240424880342,0.6821081631954236,0.8356608677022078,0.3178918368045765,0.1643391322977921,0.6889323656775527,0.8358375184848105,,,,,,abilene,7,1.0,robust,balanced_s3,robust:balanced_s3,lp_only,8,128,8,2,0.1,160,0.001,3,1,0,0.5,0.5,0.25
uncertainty_aware_lstm_robust_lp,0.8819867278780898,1.001753768883526,0.95884906974359,2.556930850427351,1.2208321776239317,0.6809465589662095,0.833213359625948,0.3190534410337906,0.166786640374052,0.6993488930242984,0.8391809281891724,0.6002161502838135,1.4041348695755005,1.0463896244912123,0.95884907,2.5569308153846158,abilene,11,1.0,robust,balanced_s3,robust:balanced_s3,lp_only,8,128,8,2,0.1,160,0.001,3,1,0,0.5,0.5,0.25
robust_current_demand_lp,0.4391067647187867,0.6118360794536963,1.026765458711111,2.6277400845299144,1.3255718974410255,0.669235961156221,0.8301187279948603,0.3307640388437791,0.1698812720051396,0.6908492417766401,0.835258984351893,,,,1.0267654538461537,2.7380412230769227,abilene,11,1.0,robust,balanced_s3,robust:balanced_s3,lp_only,8,128,8,2,0.1,160,0.001,3,1,0,0.5,0.5,0.25
current_demand_lp,0.4391067647187867,0.6118360794536963,1.0267654593880342,2.5717227874786324,1.3255718974410255,0.6740166055282312,0.8347448481727775,0.3259833944717689,0.1652551518272225,0.689273475870902,0.8385456568509256,,,,,,abilene,11,1.0,robust,balanced_s3,robust:balanced_s3,lp_only,8,128,8,2,0.1,160,0.001,3,1,0,0.5,0.5,0.25
uncertainty_aware_lstm_robust_lp,0.9596848073237316,1.0730961490737745,0.9468887392991452,2.525036631794872,1.219844680547009,0.6911355260014216,0.8382489443756778,0.3088644739985783,0.1617510556243222,0.6914269509022932,0.8377980090646245,0.6327958703041077,1.2704874277114868,1.0454842362554246,0.94688874,2.5250366,abilene,13,1.0,robust,balanced_s3,robust:balanced_s3,lp_only,8,128,8,2,0.1,160,0.001,3,1,0,0.5,0.5,0.25
robust_current_demand_lp,0.4605105672801152,0.6128938081046218,1.006094339928718,2.6829182362393165,1.323109288625641,0.6913894814213626,0.8364824554272255,0.3086105185786374,0.1635175445727744,0.6884409329015025,0.8345633989019936,,,,1.0060943323076923,2.682918246153846,abilene,13,1.0,robust,balanced_s3,robust:balanced_s3,lp_only,8,128,8,2,0.1,160,0.001,3,1,0,0.5,0.5,0.25
current_demand_lp,0.4605105672801152,0.6128938081046218,1.0060943399589743,2.1764712925641025,1.323109288625641,0.6889999316203799,0.8405474463153784,0.3110000683796201,0.1594525536846216,0.6846650632967785,0.8407121961660065,,,,,,abilene,13,1.0,robust,balanced_s3,robust:balanced_s3,lp_only,8,128,8,2,0.1,160,0.001,3,1,0,0.5,0.5,0.25
uncertainty_aware_lstm_robust_lp,0.9537070777087754,1.0595626127038025,1.051097666,1.44309172991453,1.0747536432307692,0.7613004244887072,0.829909098314373,0.2386995755112928,0.170090901685627,0.7549428645146344,0.8309921146717668,0.6234637498855591,1.1295514106750488,1.0462878841220518,1.0510977,1.9517607,nsfnet,7,1.0,robust,balanced_s3,robust:balanced_s3,lp_only,8,128,8,2,0.1,160,0.001,3,1,0,0.5,0.5,0.25
current_demand_lp,0.4531796980773516,0.588977510287038,1.1588839133162394,1.5818307889948715,1.2760194572820514,0.7506386288492964,0.8253923689665178,0.2493613711507036,0.1746076310334822,0.744614378911713,0.8271882342803697,,,,,,nsfnet,7,1.0,robust,balanced_s3,robust:balanced_s3,lp_only,8,128,8,2,0.1,160,0.001,3,1,0,0.5,0.5,0.25
robust_current_demand_lp,0.4531796980773516,0.588977510287038,1.1588839133589743,1.5818307889948715,1.2760194572820514,0.7625226489221194,0.8301252120654977,0.2374773510778806,0.1698747879345023,0.754829080772119,0.8321828532839789,,,,1.1588839023076924,2.1505148384615387,nsfnet,7,1.0,robust,balanced_s3,robust:balanced_s3,lp_only,8,128,8,2,0.1,160,0.001,3,1,0,0.5,0.5,0.25
uncertainty_aware_lstm_robust_lp,0.926015528287887,1.034796023899856,0.99518244,1.412913325,1.0328356019034188,0.7663898928972602,0.8330565587935771,0.2336101071027398,0.1669434412064228,0.7600808841883621,0.8314535405733572,0.605587899684906,1.1780002117156982,1.046631792363146,0.99518244,1.9396734,nsfnet,11,1.0,robust,balanced_s3,robust:balanced_s3,lp_only,8,128,8,2,0.1,160,0.001,3,1,0,0.5,0.5,0.25
robust_current_demand_lp,0.4417701581022181,0.5781362915959939,1.092128738923077,1.5572736494811965,1.2252970682564102,0.7689885709138573,0.8334389550756087,0.2310114290861426,0.1665610449243913,0.7619504697547885,0.8300836562846824,,,,1.0921287246153846,2.1273938384615385,nsfnet,11,1.0,robust,balanced_s3,robust:balanced_s3,lp_only,8,128,8,2,0.1,160,0.001,3,1,0,0.5,0.5,0.25
current_demand_lp,0.4417701581022181,0.5781362915959939,1.0921287391068375,1.5572736494811965,1.2252970682564102,0.7450637480749209,0.8280040987767847,0.254936251925079,0.1719959012232152,0.7410816411689759,0.8269038334507826,,,,,,nsfnet,11,1.0,robust,balanced_s3,robust:balanced_s3,lp_only,8,128,8,2,0.1,160,0.001,3,1,0,0.5,0.5,0.25
uncertainty_aware_lstm_robust_lp,0.9633091790597608,1.0682840640569211,1.041984997863248,1.5096742178205127,1.1091867748547009,0.7653827848856178,0.828233722568265,0.2346172151143822,0.1717662774317349,0.7676526623191446,0.830754946277134,0.6300446391105652,1.2896050214767456,1.0464106381286502,1.041985,2.0774423,nsfnet,13,1.0,robust,balanced_s3,robust:balanced_s3,lp_only,8,128,8,2,0.1,160,0.001,3,1,0,0.5,0.5,0.25
robust_current_demand_lp,0.4537682263795952,0.5858631056139951,1.1505184265384616,1.647733181760684,1.3165464363333332,0.7643701454181796,0.8280420302916364,0.2356298545818204,0.1719579697083637,0.766127693874749,0.832161014154984,,,,1.150518423076923,2.293931269230769,nsfnet,13,1.0,robust,balanced_s3,robust:balanced_s3,lp_only,8,128,8,2,0.1,160,0.001,3,1,0,0.5,0.5,0.25
current_demand_lp,0.4537682263795952,0.5858631056139951,1.1505184266324788,1.647733181760684,1.3165464363333332,0.7513911083011124,0.8233029760640662,0.2486088916988875,0.1766970239359337,0.7580359893316853,0.8271372642882338,,,,,,nsfnet,13,1.0,robust,balanced_s3,robust:balanced_s3,lp_only,8,128,8,2,0.1,160,0.001,3,1,0,0.5,0.5,0.25
uncertainty_aware_lstm_robust_lp,0.9279566830963965,1.0420578647100618,0.950024203076923,2.3581660218803413,1.2420280415384617,0.6668470215964858,0.8329665748800044,0.3331529784035142,0.1670334251199957,0.6757981102490311,0.83428346621914,0.6164095401763916,1.517130732536316,1.0457474049990665,0.9500242,2.5333979,abilene,7,1.0,robust,conservative_s4,robust:conservative_s4,lp_only,8,128,8,2,0.1,160,0.001,4,2,1,0.35,0.65,0.25
robust_current_demand_lp,0.4433976826254998,0.606898227305894,1.019700094153846,2.5538482992307694,1.346240424880342,0.6687806909394653,0.833573177291712,0.3312193090605347,0.1664268227082879,0.6774012940201026,0.8339232830904149,,,,1.0197000892307693,2.719200246153846,abilene,7,1.0,robust,conservative_s4,robust:conservative_s4,lp_only,8,128,8,2,0.1,160,0.001,4,2,1,0.35,0.65,0.25
current_demand_lp,0.4433976826254998,0.606898227305894,1.0197000942564105,2.644904238119658,1.346240424880342,0.6821081631954236,0.8356608677022078,0.3178918368045765,0.1643391322977921,0.6889323656775527,0.8358375184848105,,,,,,abilene,7,1.0,robust,conservative_s4,robust:conservative_s4,lp_only,8,128,8,2,0.1,160,0.001,4,2,1,0.35,0.65,0.25
uncertainty_aware_lstm_robust_lp,0.8819867278780898,1.001753768883526,0.958849069846154,2.3668264615384618,1.2208321776239317,0.6561519738536468,0.827515466028377,0.3438480261463532,0.1724845339716229,0.6691073297884288,0.8346137272942198,0.6002161502838135,1.4041348695755005,1.0463896244912123,0.95884907,2.5569308153846158,abilene,11,1.0,robust,conservative_s4,robust:conservative_s4,lp_only,8,128,8,2,0.1,160,0.001,4,2,1,0.35,0.65,0.25
robust_current_demand_lp,0.4391067647187867,0.6118360794536963,1.0267654590598292,2.4714388561965808,1.3255718974410255,0.6558784815454962,0.8284466838806218,0.3441215184545038,0.171553316119378,0.6694168516140222,0.8354900524543539,,,,1.0267654538461537,2.7380412230769227,abilene,11,1.0,robust,conservative_s4,robust:conservative_s4,lp_only,8,128,8,2,0.1,160,0.001,4,2,1,0.35,0.65,0.25
current_demand_lp,0.4391067647187867,0.6118360794536963,1.0267654593880342,2.5717227874786324,1.3255718974410255,0.6740166055282312,0.8347448481727775,0.3259833944717689,0.1652551518272225,0.689273475870902,0.8385456568509256,,,,,,abilene,11,1.0,robust,conservative_s4,robust:conservative_s4,lp_only,8,128,8,2,0.1,160,0.001,4,2,1,0.35,0.65,0.25
uncertainty_aware_lstm_robust_lp,0.9596848073237316,1.0730961490737745,0.9468887382564104,2.355209247051282,1.219844680547009,0.6839236784390808,0.8365105994431876,0.3160763215609193,0.1634894005568124,0.6764942323588529,0.8366925165701493,0.6327958703041077,1.2704874277114868,1.0454842362554246,0.94688874,2.5250366,abilene,13,1.0,robust,conservative_s4,robust:conservative_s4,lp_only,8,128,8,2,0.1,160,0.001,4,2,1,0.35,0.65,0.25
current_demand_lp,0.4605105672801152,0.6128938081046218,1.0060943399589743,2.1764712925641025,1.323109288625641,0.6889999316203799,0.8405474463153784,0.3110000683796201,0.1594525536846216,0.6846650632967785,0.8407121961660065,,,,,,abilene,13,1.0,robust,conservative_s4,robust:conservative_s4,lp_only,8,128,8,2,0.1,160,0.001,4,2,1,0.35,0.65,0.25
robust_current_demand_lp,0.4605105672801152,0.6128938081046218,1.0060943401495726,2.5441225843589743,1.323109288625641,0.6857482150225184,0.8373540665125881,0.3142517849774817,0.1626459334874118,0.6770196985172922,0.8370190718887484,,,,1.0060943323076923,2.682918246153846,abilene,13,1.0,robust,conservative_s4,robust:conservative_s4,lp_only,8,128,8,2,0.1,160,0.001,4,2,1,0.35,0.65,0.25
uncertainty_aware_lstm_robust_lp,0.9537070777087754,1.0595626127038025,0.7276829992393162,1.5821410612307694,1.0747536432307692,0.8402076376988517,0.8769585801213281,0.1597923623011483,0.1230414198786719,0.838482798783897,0.8770558110199628,0.6234637498855591,1.1295514106750488,1.0462878841220518,0.727683023076923,1.3512189461538462,nsfnet,7,1.0,robust,conservative_s4,robust:conservative_s4,lp_only,8,128,8,2,0.1,160,0.001,4,2,1,0.35,0.65,0.25
robust_current_demand_lp,0.4531796980773516,0.588977510287038,0.8643575962735043,1.7358337553675214,1.2760194572820514,0.839911191987357,0.8768174737664693,0.160088808012643,0.1231825262335305,0.8373934177197687,0.8774512825503444,,,,0.8643575900000001,1.6006793,nsfnet,7,1.0,robust,conservative_s4,robust:conservative_s4,lp_only,8,128,8,2,0.1,160,0.001,4,2,1,0.35,0.65,0.25
current_demand_lp,0.4531796980773516,0.588977510287038,1.1588839133162394,1.5818307889948715,1.2760194572820514,0.7506386288492964,0.8253923689665178,0.2493613711507036,0.1746076310334822,0.744614378911713,0.8271882342803697,,,,,,nsfnet,7,1.0,robust,conservative_s4,robust:conservative_s4,lp_only,8,128,8,2,0.1,160,0.001,4,2,1,0.35,0.65,0.25
uncertainty_aware_lstm_robust_lp,0.926015528287887,1.034796023899856,0.6889724591794872,1.540953022923077,1.0328356019034188,0.842816396002575,0.8747438905615952,0.157183603997425,0.1252561094384048,0.8382791491306929,0.8752149770816702,0.605587899684906,1.1780002117156982,1.046631792363146,0.6889724584615385,1.3428508153846153,nsfnet,11,1.0,robust,conservative_s4,robust:conservative_s4,lp_only,8,128,8,2,0.1,160,0.001,4,2,1,0.35,0.65,0.25
robust_current_demand_lp,0.4417701581022181,0.5781362915959939,0.8156498147585469,1.693104404081197,1.2252970682564102,0.8445722112793272,0.874434346365602,0.1554277887206727,0.1255656536343979,0.8394235411694257,0.8746639520603883,,,,0.8156498038461538,1.5880813615384617,nsfnet,11,1.0,robust,conservative_s4,robust:conservative_s4,lp_only,8,128,8,2,0.1,160,0.001,4,2,1,0.35,0.65,0.25
current_demand_lp,0.4417701581022181,0.5781362915959939,1.0921287391068375,1.5572736494811965,1.2252970682564102,0.7450637480749209,0.8280040987767847,0.254936251925079,0.1719959012232152,0.7410816411689759,0.8269038334507826,,,,,,nsfnet,11,1.0,robust,conservative_s4,robust:conservative_s4,lp_only,8,128,8,2,0.1,160,0.001,4,2,1,0.35,0.65,0.25
uncertainty_aware_lstm_robust_lp,0.9633091790597608,1.0682840640569211,0.7213742291581197,1.5136078824102563,1.1091867748547009,0.837546989969544,0.8739881923679949,0.162453010030456,0.1260118076320051,0.8436937580546318,0.8752948940074432,0.6300446391105652,1.2896050214767456,1.0464106381286502,0.7213742307692308,1.4382292846153848,nsfnet,13,1.0,robust,conservative_s4,robust:conservative_s4,lp_only,8,128,8,2,0.1,160,0.001,4,2,1,0.35,0.65,0.25
robust_current_demand_lp,0.4537682263795952,0.5858631056139951,0.8601042228636752,1.6498861725897436,1.3165464363333332,0.8351822457821402,0.8741251684667315,0.1648177542178598,0.1258748315332684,0.8408489989608725,0.875841188017196,,,,0.8601042192307692,1.716680369230769,nsfnet,13,1.0,robust,conservative_s4,robust:conservative_s4,lp_only,8,128,8,2,0.1,160,0.001,4,2,1,0.35,0.65,0.25
current_demand_lp,0.4537682263795952,0.5858631056139951,1.1505184266324788,1.647733181760684,1.3165464363333332,0.7513911083011124,0.8233029760640662,0.2486088916988875,0.1766970239359337,0.7580359893316853,0.8271372642882338,,,,,,nsfnet,13,1.0,robust,conservative_s4,robust:conservative_s4,lp_only,8,128,8,2,0.1,160,0.001,4,2,1,0.35,0.65,0.25
