topology,load_scale,method,prediction_mae_mean,prediction_rmse_mean,nominal_max_utilization_mean,nominal_max_utilization_std,critical_failure_reopt_max_utilization_mean,random_failure_reopt_max_utilization_mean,critical_failure_fixed_disrupted_fraction_mean,random_failure_fixed_disrupted_fraction_mean,critical_failure_fixed_fairness_mean,random_failure_fixed_fairness_mean,robust_worst_case_utilization_mean
abilene,0.8,current_demand_lp,0.38373049176082596,0.5308260568871871,0.8189686075977778,0.004171203327327966,2.042918473173077,1.0695637365081199,0.32272176571165806,0.16427296055458124,0.6882699009415271,0.8376012104951307,
abilene,0.8,linear_autoregressive,0.3737880734346721,0.48021052232831574,0.7963327148923076,0.0019873313347240754,1.9396345725641027,1.0391139501602564,0.3223254833207554,0.1656829517963302,0.6878504925424174,0.8368821120951353,
abilene,0.8,lstm,0.7030831898862322,0.8083747978267756,0.7155071973547009,0.015889074872165242,1.7753639032692308,0.9243595858811111,0.3215754236237214,0.16530159661694652,0.6901460587692101,0.8368754435258852,
abilene,0.8,moving_average,0.8212352362226456,0.9349491863481072,0.8504573216709401,0.004790840648666802,2.161574132029915,1.105762210474359,0.3217246724490809,0.16542871806065432,0.689531976012624,0.8364547383933167,
abilene,0.8,robust_current_demand_lp,0.38373049176082596,0.5308260568871871,0.8189686074461539,0.004171203799457713,2.084734370587607,1.0695637365081199,0.32482883078255753,0.16493887391861156,0.6901964102624341,0.8375882335980807,2.1839162846153846
abilene,0.8,transformer,0.4861867813992276,0.584902836996721,0.7188610888933333,0.018185105534929906,1.798777303568376,0.9309045166478631,0.32224371840532673,0.16599370815079273,0.6900220676071156,0.8367463445069214,
abilene,0.8,uncertainty_aware_lstm_robust_lp,0.7030831898862322,0.8083747978267756,0.7473273709145299,0.014860466365248194,1.7607297838461538,0.965311516211111,0.32473780770906324,0.1639094676684258,0.690510160876225,0.8383742884752834,1.9928729884615386
abilene,1.0,current_demand_lp,0.44125222367214323,0.6093671533797952,1.0232327768222222,0.00499596759613026,2.6083135127991453,1.3359061611606837,0.3219376156381727,0.16479714206250734,0.6891029207742274,0.837191587667868,
abilene,1.0,linear_autoregressive,0.4434052876859025,0.5612608277614757,0.9948706489350427,0.0021113618747088028,2.528474853076923,1.2979443416410255,0.3210035390730572,0.16613685230430925,0.6893368191215001,0.8364754548890353,
abilene,1.0,lstm,0.9049717054872431,1.021905816796794,0.9103692769333334,0.005487345417681541,2.2114618090811966,1.1747997504358973,0.32098062511833536,0.16481054047676466,0.6907609383407392,0.8370238615105043,
abilene,1.0,moving_average,1.0188805958973894,1.1474252543193617,1.0621045960241027,0.005634958728142628,2.6858871810683764,1.3810530352700856,0.32212181007287044,0.16464997972569007,0.6887727275426654,0.8371079403589359,
abilene,1.0,robust_current_demand_lp,0.44125222367214323,0.6093671533797952,1.0232327763230769,0.004995967344714495,2.6003757702350425,1.3359061611606837,0.325418791730994,0.16680410934082285,0.6892371971245217,0.836051386554941,2.7286207346153843
abilene,1.0,transformer,0.5708863003185839,0.676757420686237,0.9039495635282051,0.027405588503883728,2.232909751047009,1.169373329111966,0.32137240351736873,0.16503708283615326,0.690829934203026,0.8377511218607376,
abilene,1.0,uncertainty_aware_lstm_robust_lp,0.9049717054872431,1.021905816796794,0.9544366370940172,0.006240122096083556,2.317362958547009,1.2314301095811966,0.3190623744099962,0.16480943999306763,0.6973474300346421,0.8388177187605712,2.5451643576923075
abilene,1.2,current_demand_lp,0.5031443659005442,0.6921108112218104,1.2274969471897437,0.005820731494335978,3.1431369482692304,1.6022485868185896,0.32111144437111383,0.1650611426114943,0.6896657619452018,0.8370519611214189,
abilene,1.2,linear_autoregressive,0.5160504728542331,0.6455620056077118,1.193391428268376,0.002196864636829633,2.9701659704273506,1.556754525337607,0.3211934025865242,0.16524031192240363,0.689084400612509,0.8371303878527647,
abilene,1.2,lstm,1.0863784515763637,1.2172916366035387,1.0863464990786325,0.005910742960273285,2.2880686402564105,1.4020844411282052,0.32448724894288905,0.1635374179994064,0.6862088691335846,0.8380512189955653,
abilene,1.2,moving_average,1.21715727089747,1.3618248121635435,1.273751871183932,0.006479076086974158,3.2036765080982903,1.6563438616452992,0.32146709776091875,0.16528638789732258,0.6894922598609954,0.8367231195572147,
abilene,1.2,robust_current_demand_lp,0.5031443659005442,0.6921108112218104,1.2274969466051282,0.005820731827945455,3.152405012200855,1.6022485868185896,0.3244805164586648,0.16705691436961134,0.6896408078965959,0.8354518325887244,3.2733251923076923
abilene,1.2,transformer,0.6439249615562367,0.7578253219316778,1.0787835075367522,0.040363929210147295,2.7203485161752137,1.3976369272803417,0.32138806065430836,0.1649305136930111,0.6903373440367491,0.8371938980767969,
abilene,1.2,uncertainty_aware_lstm_robust_lp,1.0863784515763637,1.2172916366035387,1.1382186611965812,0.0066669315074617454,2.763487961346154,1.46876598834359,0.32384475439639876,0.16536798261200764,0.6929911830837627,0.837696551401014,3.0352498
nsfnet,0.8,current_demand_lp,0.3904519693755096,0.5132619182151885,0.9008572335822649,0.038281440606993074,1.2566099355576923,1.0020490336794872,0.25207371729530437,0.17287247930505661,0.7427202834776047,0.8273600377566817,
nsfnet,0.8,linear_autoregressive,0.3719227545805791,0.46447563787909685,0.889293195241453,0.023528455879144324,1.2359527355380342,0.9882713680367521,0.2535411701177557,0.17420676295856993,0.7422353744851813,0.8260914860815465,
nsfnet,0.8,lstm,0.7568842917685257,0.8544599457434521,0.7831900628888888,0.03024561198160961,1.0941321175,0.8076133888568375,0.25499410720711335,0.17401805498678363,0.7403179654186695,0.825702227602934,
nsfnet,0.8,moving_average,0.8375192330073975,0.9382702551286001,0.9294002421952137,0.03783890784793229,1.2955347950964744,0.9703430600491453,0.2524507814870965,0.1738771627999008,0.7430098628156945,0.8261705004077219,
nsfnet,0.8,robust_current_demand_lp,0.3904519693755096,0.5132619182151885,0.9008572331948719,0.038281440547463255,1.2566099355576923,1.0020490336794872,0.23437511816769074,0.16819600282411595,0.7584270930807986,0.831134758615554,1.7122738000000002
nsfnet,0.8,transformer,0.524562324728876,0.6134698451754471,0.7723026349226496,0.019300488449452532,1.0777066255274572,0.8210097400692309,0.25407843296939514,0.1739026218561628,0.7418920490538337,0.8258870115946326,
nsfnet,0.8,uncertainty_aware_lstm_robust_lp,0.7568842917685257,0.8544599457434521,0.820916183888889,0.03156541563212074,1.146316363888889,0.8461895067286325,0.23701207791736995,0.1684500978720443,0.7571310000326543,0.8315371157797351,1.5621900499999999
nsfnet,1.0,current_demand_lp,0.44747492808978484,0.583556900941516,1.1255063262115386,0.04720303636275726,1.5695522192380342,1.2506582627692309,0.25214881153789137,0.17330176612834874,0.7428480100403445,0.8270460338655761,
nsfnet,1.0,linear_autoregressive,0.4396800194000285,0.540315970936945,1.1108242174217948,0.02995605912252464,1.544150706967094,1.2335839520299143,0.2534564777773349,0.17388280497518172,0.7422852904382207,0.8264946836239018,
nsfnet,1.0,lstm,0.9398613029983311,1.0471793183018292,0.9775384587008549,0.037945054211296764,1.3649024711196582,1.0071291527136752,0.2524684371994792,0.1741709863150328,0.7429758946968833,0.8253981883454315,
nsfnet,1.0,moving_average,1.0388113434635233,1.1507043000149655,1.1618965302152222,0.046705885044930645,1.6190457395746582,1.2125008432307691,0.2528281649019676,0.17365083423771616,0.7424267741242052,0.8262729406126097,
nsfnet,1.0,robust_current_demand_lp,0.44747492808978484,0.583556900941516,1.1255063261410256,0.04720303652291391,1.5695522192380342,1.2506582627692309,0.23424439008201164,0.1682179164294468,0.7583897752634537,0.8311332547843306,2.138954338461539
nsfnet,1.0,transformer,0.6230353913642221,0.717324064325702,0.9650469435576923,0.04643968786745624,1.34416518381453,1.0294398171410255,0.25353193371585386,0.17417718218739414,0.7418860631060091,0.8256081816817349,
nsfnet,1.0,uncertainty_aware_lstm_robust_lp,0.9398613029983311,1.0471793183018292,1.0231400529999999,0.03953803547617838,1.4280025274572652,1.053794622567094,0.23615484130701633,0.1685171714460249,0.7575118743514982,0.8312228276225619,1.9457170499999998
nsfnet,1.2,current_demand_lp,0.5094814886236942,0.658640975333899,1.3502480335042735,0.055993655356470794,1.882494504303419,1.4993006334700854,0.25268257453848286,0.17320248210101466,0.742223731091507,0.8270433193199613,
nsfnet,1.2,linear_autoregressive,0.5106335978107652,0.6194106329877889,1.332325883484188,0.03641232258830156,1.8524032114263247,1.4787962142692308,0.25362929556406527,0.17407725166261695,0.7417911536371372,0.8260323054241452,
nsfnet,1.2,lstm,1.124785063945012,1.2422814742125676,1.1720151791944444,0.044950245825041,1.6355670814666665,1.2066934688521367,0.25486336990375164,0.17393345971136157,0.7403302133187271,0.8257515959486147,
nsfnet,1.2,moving_average,1.2409818704146318,1.365165102136317,1.394392818881624,0.05557286281520488,1.942556683322436,1.4546586266025638,0.25328157471922946,0.17385612279192672,0.7418735640310334,0.8259272292973285,
nsfnet,1.2,robust_current_demand_lp,0.5094814886236942,0.658640975333899,1.3502480334352565,0.055993655381552,1.882494504303419,1.4993006334700854,0.23439296545406962,0.1683044570470793,0.7582116447859044,0.8311313660589039,2.5656348923076924
nsfnet,1.2,transformer,0.6739619827136075,0.7729614103433396,1.1744663287181623,0.03225505753185004,1.6403258880978633,1.2545527147307691,0.25284097291427654,0.17402341742835326,0.7416893749865812,0.8257922389002962,
nsfnet,1.2,uncertainty_aware_lstm_robust_lp,1.124785063945012,1.2422814742125676,1.2256832371944444,0.04683115559841881,1.7098587034722224,1.2616398579884616,0.23594585827302794,0.16846249927690776,0.7575641075703177,0.8312505970039181,2.3300080000000003
sample,0.8,current_demand_lp,0.38040652073174697,0.5574231444378215,0.32880569047496944,0.0015871543410042447,0.6245276895692309,0.5709632253652015,0.269004197605192,0.1614420757367034,0.7625274375537756,0.8515928716592678,
sample,0.8,linear_autoregressive,0.5109767766047966,0.675450553148575,0.3232025528678877,0.027912502509904194,0.6119516376369232,0.5641964438497558,0.2734128389082061,0.16659192724944286,0.7637843066141394,0.8445007916490597,
sample,0.8,lstm,0.3994984348150432,0.521326083758612,0.30879401783711846,0.003272212823761427,0.5867086308046154,0.5405469327959462,0.27030658687174963,0.16454733772237354,0.7666854532700668,0.8507232494495222,
sample,0.8,moving_average,0.7866804569047783,0.9414501362541929,0.3403961230008791,0.003757530168158038,0.6467526299384616,0.6074690198844933,0.26992997515487355,0.16360034013715166,0.7632055478079127,0.8506254056251914,
sample,0.8,robust_current_demand_lp,0.38040652073174697,0.5574231444378215,0.32880569018510375,0.001587154306814461,0.6245276895692309,0.5709632253652015,0.26657078524198785,0.16318056419865448,0.7699718211555674,0.8491758670440024,0.624527688076923
sample,0.8,transformer,0.48723315612521134,0.6055648605503737,0.27882557531628815,0.008306488931039508,0.5297685907753846,0.4971843740422467,0.2724440714297311,0.16661723126086703,0.7604353847417855,0.8488820882038616,
sample,0.8,uncertainty_aware_lstm_robust_lp,0.3994984348150432,0.521326083758612,0.31810843891990237,0.0024645424081552866,0.6044060317384616,0.5558004220109891,0.26662389463506797,0.1652466078684675,0.7760649187665299,0.8492665053742854,0.6044060307692307
sample,1.0,current_demand_lp,0.4396637482615583,0.6466953410316119,0.4102786266422467,0.0032368860428369298,0.7794676422876923,0.7128805418778998,0.26987537854746135,0.16185061585465593,0.7621246004523686,0.8514815428560957,
sample,1.0,linear_autoregressive,0.591085152374939,0.7719706979093799,0.40317486923199025,0.03571572002262006,0.7643897156307693,0.7049881914758241,0.27340696137880377,0.16656592185061403,0.7639436419225081,0.8451473320718177,
sample,1.0,lstm,0.6120631239038898,0.7631437036503322,0.37397723464615384,0.00396200709433921,0.7105567432307692,0.6591273045024421,0.27085806948916147,0.16449849525493765,0.7641228231313455,0.8503764224579113,
sample,1.0,moving_average,0.976283684694955,1.1564910734811509,0.4255334846711111,0.0050665649441815775,0.8085136178461538,0.7593260818708181,0.27013207687680296,0.16367851655487986,0.7633177397319504,0.8505931157353481,
sample,1.0,robust_current_demand_lp,0.4396637482615583,0.6466953410316119,0.41027862661533576,0.0032368859875116208,0.7794676422876923,0.7128805418778998,0.2673808290893224,0.16358187392902035,0.7692389446511779,0.8486369292417391,0.7794676438461539
sample,1.0,transformer,0.5500504060170145,0.677544024231895,0.3526280720685714,0.014834540127171586,0.6699933343907692,0.6302605416854701,0.27190902046021936,0.16659850215992772,0.7621512635779772,0.8491250400658453,
sample,1.0,uncertainty_aware_lstm_robust_lp,0.6120631239038898,0.7631437036503322,0.3869215112234432,0.0016676013186493774,0.7351508681538461,0.6809804910858364,0.26707850123911514,0.16526661993055314,0.7740811702500958,0.8486953842671492,0.7351508665384616
sample,1.2,current_demand_lp,0.5047102018500724,0.7401926870650165,0.4918019246947497,0.004815395694524454,0.9344236541553845,0.854897983810867,0.27036262936194966,0.16211228358690088,0.7619067526284957,0.8513505632181493,
sample,1.2,linear_autoregressive,0.6779608059545295,0.8746957994593989,0.4835032146639805,0.043588209296568654,0.9170190506646153,0.8458981814123931,0.2731654257182088,0.16661546885975448,0.7640650169028607,0.8455210286006047,
sample,1.2,lstm,1.0093015682998825,1.1936373035850467,0.43121246954285714,0.006697166225447262,0.8193036879692308,0.7682559522283272,0.271087273481159,0.1643993236287374,0.7636202136846906,0.8506855356218739,
sample,1.2,moving_average,1.1666071326883651,1.3734672981637346,0.5106708464132601,0.006375599206495162,0.9702746052307691,0.9111831434583639,0.27026680107137674,0.16373063218193495,0.7633801608915631,0.8505644497218297,
sample,1.2,robust_current_demand_lp,0.5047102018500724,0.7401926870650165,0.4918019247538461,0.00481539538923391,0.9344236541553845,0.854897983810867,0.267944377667697,0.1639358353126107,0.7687862969756261,0.84823356806794,0.9344236515384615
sample,1.2,transformer,0.589640335255559,0.7326747221383969,0.4464543862791209,0.0009729836895082003,0.8482633315307693,0.7853010546409036,0.27106208733230996,0.1659782825140813,0.763807648427804,0.8490053944677671,
sample,1.2,uncertainty_aware_lstm_robust_lp,1.0093015682998825,1.1936373035850467,0.45273750665274726,0.008065885547671323,0.8602012594461539,0.8051187337002441,0.2673499059260762,0.1654239731664282,0.773608442587782,0.8484172025985283,0.8602012573076923
