time_step,topology,seed,load_scale,method,scenario,failed_link,commodity_rank,source,destination,path_rank,path_flow,path_nodes,path_edges,contains_failed_link
22,abilene,13,1.0,current_demand_lp,critical_failure_fixed,Denver -> Kansas City & Kansas City -> Denver,1,Kansas City,Denver,1,5.0313884,Kansas City | Denver,Kansas City->Denver,1
22,abilene,13,1.0,current_demand_lp,critical_failure_fixed,Denver -> Kansas City & Kansas City -> Denver,2,Houston,Denver,1,4.9044626,Houston | Kansas City | Denver,Houston->Kansas City | Kansas City->Denver,1
22,abilene,13,1.0,current_demand_lp,critical_failure_fixed,Denver -> Kansas City & Kansas City -> Denver,3,Washington DC,Denver,1,4.7454031,Washington DC | Atlanta | Houston | Kansas City | Denver,Washington DC->Atlanta | Atlanta->Houston | Houston->Kansas City | Kansas City->Denver,1
22,abilene,13,1.0,current_demand_lp,critical_failure_fixed,Denver -> Kansas City & Kansas City -> Denver,4,Chicago,Seattle,1,4.5965484,Chicago | Indianapolis | Kansas City | Denver | Seattle,Chicago->Indianapolis | Indianapolis->Kansas City | Kansas City->Denver | Denver->Seattle,1
22,abilene,13,1.0,current_demand_lp,critical_failure_fixed,Denver -> Kansas City & Kansas City -> Denver,5,Houston,Seattle,1,4.5502084,Houston | Kansas City | Denver | Seattle,Houston->Kansas City | Kansas City->Denver | Denver->Seattle,1
22,abilene,13,1.0,current_demand_lp,random_failure_fixed,Kansas City -> Houston & Houston -> Kansas City,1,Houston,Denver,1,4.9044626,Houston | Kansas City | Denver,Houston->Kansas City | Kansas City->Denver,1
22,abilene,13,1.0,current_demand_lp,random_failure_fixed,Kansas City -> Houston & Houston -> Kansas City,2,Washington DC,Denver,1,4.7454031,Washington DC | Atlanta | Houston | Kansas City | Denver,Washington DC->Atlanta | Atlanta->Houston | Houston->Kansas City | Kansas City->Denver,1
22,abilene,13,1.0,current_demand_lp,random_failure_fixed,Kansas City -> Houston & Houston -> Kansas City,3,Los Angeles,Kansas City,1,4.6981471,Los Angeles | Houston | Kansas City,Los Angeles->Houston | Houston->Kansas City,1
22,abilene,13,1.0,current_demand_lp,random_failure_fixed,Kansas City -> Houston & Houston -> Kansas City,4,Houston,Seattle,1,4.5502084,Houston | Kansas City | Denver | Seattle,Houston->Kansas City | Kansas City->Denver | Denver->Seattle,1
22,abilene,13,1.0,current_demand_lp,random_failure_fixed,Kansas City -> Houston & Houston -> Kansas City,5,Houston,Chicago,1,4.2110587,Houston | Kansas City | Indianapolis | Chicago,Houston->Kansas City | Kansas City->Indianapolis | Indianapolis->Chicago,1
22,abilene,13,1.0,robust_current_demand_lp,critical_failure_fixed,Denver -> Kansas City & Kansas City -> Denver,1,Kansas City,Denver,1,5.0313884,Kansas City | Denver,Kansas City->Denver,1
22,abilene,13,1.0,robust_current_demand_lp,critical_failure_fixed,Denver -> Kansas City & Kansas City -> Denver,2,Houston,Denver,1,4.9044626,Houston | Kansas City | Denver,Houston->Kansas City | Kansas City->Denver,1
22,abilene,13,1.0,robust_current_demand_lp,critical_failure_fixed,Denver -> Kansas City & Kansas City -> Denver,3,Washington DC,Denver,1,4.7454031,Washington DC | Atlanta | Indianapolis | Kansas City | Denver,Washington DC->Atlanta | Atlanta->Indianapolis | Indianapolis->Kansas City | Kansas City->Denver,1
22,abilene,13,1.0,robust_current_demand_lp,critical_failure_fixed,Denver -> Kansas City & Kansas City -> Denver,4,Chicago,Seattle,1,4.5965484,Chicago | Indianapolis | Kansas City | Denver | Seattle,Chicago->Indianapolis | Indianapolis->Kansas City | Kansas City->Denver | Denver->Seattle,1
22,abilene,13,1.0,robust_current_demand_lp,critical_failure_fixed,Denver -> Kansas City & Kansas City -> Denver,5,Houston,Seattle,1,4.5502084,Houston | Kansas City | Denver | Seattle,Houston->Kansas City | Kansas City->Denver | Denver->Seattle,1
22,abilene,13,1.0,robust_current_demand_lp,random_failure_fixed,Kansas City -> Houston & Houston -> Kansas City,1,Houston,Denver,1,4.9044626,Houston | Kansas City | Denver,Houston->Kansas City | Kansas City->Denver,1
22,abilene,13,1.0,robust_current_demand_lp,random_failure_fixed,Kansas City -> Houston & Houston -> Kansas City,2,Los Angeles,Kansas City,1,4.6981471,Los Angeles | Houston | Kansas City,Los Angeles->Houston | Houston->Kansas City,1
22,abilene,13,1.0,robust_current_demand_lp,random_failure_fixed,Kansas City -> Houston & Houston -> Kansas City,3,Houston,Seattle,1,4.5502084,Houston | Kansas City | Denver | Seattle,Houston->Kansas City | Kansas City->Denver | Denver->Seattle,1
22,abilene,13,1.0,robust_current_demand_lp,random_failure_fixed,Kansas City -> Houston & Houston -> Kansas City,4,Denver,Washington DC,1,4.2943354,Denver | Kansas City | Houston | Atlanta | Washington DC,Denver->Kansas City | Kansas City->Houston | Houston->Atlanta | Atlanta->Washington DC,1
22,abilene,13,1.0,robust_current_demand_lp,random_failure_fixed,Kansas City -> Houston & Houston -> Kansas City,5,Houston,Chicago,1,4.2110587,Houston | Kansas City | Indianapolis | Chicago,Houston->Kansas City | Kansas City->Indianapolis | Indianapolis->Chicago,1
22,abilene,13,1.0,uncertainty_aware_lstm_robust_lp,critical_failure_fixed,Denver -> Kansas City & Kansas City -> Denver,1,Washington DC,Denver,1,5.5136995,Washington DC | Atlanta | Indianapolis | Kansas City | Denver,Washington DC->Atlanta | Atlanta->Indianapolis | Indianapolis->Kansas City | Kansas City->Denver,1
22,abilene,13,1.0,uncertainty_aware_lstm_robust_lp,critical_failure_fixed,Denver -> Kansas City & Kansas City -> Denver,2,Kansas City,Denver,1,5.4506397,Kansas City | Denver,Kansas City->Denver,1
22,abilene,13,1.0,uncertainty_aware_lstm_robust_lp,critical_failure_fixed,Denver -> Kansas City & Kansas City -> Denver,3,Sunnyvale,Kansas City,1,5.136343,Sunnyvale | Denver | Kansas City,Sunnyvale->Denver | Denver->Kansas City,1
22,abilene,13,1.0,uncertainty_aware_lstm_robust_lp,critical_failure_fixed,Denver -> Kansas City & Kansas City -> Denver,4,Chicago,Seattle,1,5.1354079,Chicago | Indianapolis | Kansas City | Denver | Seattle,Chicago->Indianapolis | Indianapolis->Kansas City | Kansas City->Denver | Denver->Seattle,1
22,abilene,13,1.0,uncertainty_aware_lstm_robust_lp,critical_failure_fixed,Denver -> Kansas City & Kansas City -> Denver,5,Denver,Washington DC,1,4.9636917,Denver | Kansas City | Indianapolis | Atlanta | Washington DC,Denver->Kansas City | Kansas City->Indianapolis | Indianapolis->Atlanta | Atlanta->Washington DC,1
22,abilene,13,1.0,uncertainty_aware_lstm_robust_lp,random_failure_fixed,Kansas City -> Houston & Houston -> Kansas City,1,Los Angeles,Kansas City,1,5.4086165,Los Angeles | Houston | Kansas City,Los Angeles->Houston | Houston->Kansas City,1
22,abilene,13,1.0,uncertainty_aware_lstm_robust_lp,random_failure_fixed,Kansas City -> Houston & Houston -> Kansas City,2,Houston,Denver,1,4.8563142,Houston | Kansas City | Denver,Houston->Kansas City | Kansas City->Denver,1
22,abilene,13,1.0,uncertainty_aware_lstm_robust_lp,random_failure_fixed,Kansas City -> Houston & Houston -> Kansas City,3,Houston,Seattle,1,4.8362465,Houston | Kansas City | Denver | Seattle,Houston->Kansas City | Kansas City->Denver | Denver->Seattle,1
22,abilene,13,1.0,uncertainty_aware_lstm_robust_lp,random_failure_fixed,Kansas City -> Houston & Houston -> Kansas City,4,Houston,Chicago,1,4.8093691,Houston | Kansas City | Indianapolis | Chicago,Houston->Kansas City | Kansas City->Indianapolis | Indianapolis->Chicago,1
22,abilene,13,1.0,uncertainty_aware_lstm_robust_lp,random_failure_fixed,Kansas City -> Houston & Houston -> Kansas City,5,Seattle,Atlanta,1,4.7389102,Seattle | Denver | Kansas City | Houston | Atlanta,Seattle->Denver | Denver->Kansas City | Kansas City->Houston | Houston->Atlanta,1
23,abilene,13,1.0,current_demand_lp,critical_failure_fixed,Kansas City -> Indianapolis & Indianapolis -> Kansas City,1,Kansas City,Chicago,1,5.4541196,Kansas City | Indianapolis | Chicago,Kansas City->Indianapolis | Indianapolis->Chicago,1
23,abilene,13,1.0,current_demand_lp,critical_failure_fixed,Kansas City -> Indianapolis & Indianapolis -> Kansas City,2,Kansas City,Indianapolis,1,5.3952156,Kansas City | Indianapolis,Kansas City->Indianapolis,1
23,abilene,13,1.0,current_demand_lp,critical_failure_fixed,Kansas City -> Indianapolis & Indianapolis -> Kansas City,3,Chicago,Seattle,1,5.1223992,Chicago | Indianapolis | Kansas City | Denver | Seattle,Chicago->Indianapolis | Indianapolis->Kansas City | Kansas City->Denver | Denver->Seattle,1
23,abilene,13,1.0,current_demand_lp,critical_failure_fixed,Kansas City -> Indianapolis & Indianapolis -> Kansas City,4,Kansas City,New York,1,4.9960865,Kansas City | Indianapolis | Chicago | New York,Kansas City->Indianapolis | Indianapolis->Chicago | Chicago->New York,1
23,abilene,13,1.0,current_demand_lp,critical_failure_fixed,Kansas City -> Indianapolis & Indianapolis -> Kansas City,5,Denver,Washington DC,1,4.8222661,Denver | Kansas City | Indianapolis | Atlanta | Washington DC,Denver->Kansas City | Kansas City->Indianapolis | Indianapolis->Atlanta | Atlanta->Washington DC,1
23,abilene,13,1.0,current_demand_lp,random_failure_fixed,New York -> Chicago & Chicago -> New York,1,New York,Chicago,1,5.469967,New York | Chicago,New York->Chicago,1
23,abilene,13,1.0,current_demand_lp,random_failure_fixed,New York -> Chicago & Chicago -> New York,2,Kansas City,New York,1,4.9960865,Kansas City | Indianapolis | Chicago | New York,Kansas City->Indianapolis | Indianapolis->Chicago | Chicago->New York,1
23,abilene,13,1.0,current_demand_lp,random_failure_fixed,New York -> Chicago & Chicago -> New York,3,Chicago,New York,1,4.8182965,Chicago | New York,Chicago->New York,1
23,abilene,13,1.0,current_demand_lp,random_failure_fixed,New York -> Chicago & Chicago -> New York,4,Denver,New York,1,4.7248285,Denver | Kansas City | Indianapolis | Chicago | New York,Denver->Kansas City | Kansas City->Indianapolis | Indianapolis->Chicago | Chicago->New York,1
23,abilene,13,1.0,current_demand_lp,random_failure_fixed,New York -> Chicago & Chicago -> New York,5,Washington DC,Chicago,1,4.3632013,Washington DC | New York | Chicago,Washington DC->New York | New York->Chicago,1
23,abilene,13,1.0,robust_current_demand_lp,critical_failure_fixed,Denver -> Kansas City & Kansas City -> Denver,1,Kansas City,Denver,1,5.6814857,Kansas City | Denver,Kansas City->Denver,1
23,abilene,13,1.0,robust_current_demand_lp,critical_failure_fixed,Denver -> Kansas City & Kansas City -> Denver,2,Washington DC,Denver,1,5.3499368,Washington DC | Atlanta | Indianapolis | Kansas City | Denver,Washington DC->Atlanta | Atlanta->Indianapolis | Indianapolis->Kansas City | Kansas City->Denver,1
23,abilene,13,1.0,robust_current_demand_lp,critical_failure_fixed,Denver -> Kansas City & Kansas City -> Denver,3,Chicago,Seattle,1,5.1223992,Chicago | Indianapolis | Kansas City | Denver | Seattle,Chicago->Indianapolis | Indianapolis->Kansas City | Kansas City->Denver | Denver->Seattle,1
23,abilene,13,1.0,robust_current_demand_lp,critical_failure_fixed,Denver -> Kansas City & Kansas City -> Denver,4,Seattle,Kansas City,1,4.9266284,Seattle | Denver | Kansas City,Seattle->Denver | Denver->Kansas City,1
23,abilene,13,1.0,robust_current_demand_lp,critical_failure_fixed,Denver -> Kansas City & Kansas City -> Denver,5,Seattle,Atlanta,1,4.9031385,Seattle | Denver | Kansas City | Houston | Atlanta,Seattle->Denver | Denver->Kansas City | Kansas City->Houston | Houston->Atlanta,1
23,abilene,13,1.0,robust_current_demand_lp,random_failure_fixed,New York -> Chicago & Chicago -> New York,1,New York,Chicago,1,5.469967,New York | Chicago,New York->Chicago,1
23,abilene,13,1.0,robust_current_demand_lp,random_failure_fixed,New York -> Chicago & Chicago -> New York,2,Kansas City,New York,1,4.9960865,Kansas City | Indianapolis | Chicago | New York,Kansas City->Indianapolis | Indianapolis->Chicago | Chicago->New York,1
23,abilene,13,1.0,robust_current_demand_lp,random_failure_fixed,New York -> Chicago & Chicago -> New York,3,Chicago,New York,1,4.8182965,Chicago | New York,Chicago->New York,1
23,abilene,13,1.0,robust_current_demand_lp,random_failure_fixed,New York -> Chicago & Chicago -> New York,4,Denver,New York,1,4.7248285,Denver | Kansas City | Indianapolis | Chicago | New York,Denver->Kansas City | Kansas City->Indianapolis | Indianapolis->Chicago | Chicago->New York,1
23,abilene,13,1.0,robust_current_demand_lp,random_failure_fixed,New York -> Chicago & Chicago -> New York,5,Washington DC,Chicago,1,4.3632013,Washington DC | New York | Chicago,Washington DC->New York | New York->Chicago,1
23,abilene,13,1.0,uncertainty_aware_lstm_robust_lp,critical_failure_fixed,Denver -> Kansas City & Kansas City -> Denver,1,Washington DC,Denver,1,5.5136995,Washington DC | Atlanta | Indianapolis | Kansas City | Denver,Washington DC->Atlanta | Atlanta->Indianapolis | Indianapolis->Kansas City | Kansas City->Denver,1
23,abilene,13,1.0,uncertainty_aware_lstm_robust_lp,critical_failure_fixed,Denver -> Kansas City & Kansas City -> Denver,2,Kansas City,Denver,1,5.4506397,Kansas City | Denver,Kansas City->Denver,1
23,abilene,13,1.0,uncertainty_aware_lstm_robust_lp,critical_failure_fixed,Denver -> Kansas City & Kansas City -> Denver,3,Sunnyvale,Kansas City,1,5.136343,Sunnyvale | Denver | Kansas City,Sunnyvale->Denver | Denver->Kansas City,1
23,abilene,13,1.0,uncertainty_aware_lstm_robust_lp,critical_failure_fixed,Denver -> Kansas City & Kansas City -> Denver,4,Chicago,Seattle,1,5.1354079,Chicago | Indianapolis | Kansas City | Denver | Seattle,Chicago->Indianapolis | Indianapolis->Kansas City | Kansas City->Denver | Denver->Seattle,1
23,abilene,13,1.0,uncertainty_aware_lstm_robust_lp,critical_failure_fixed,Denver -> Kansas City & Kansas City -> Denver,5,Denver,Washington DC,1,4.9636917,Denver | Kansas City | Indianapolis | Atlanta | Washington DC,Denver->Kansas City | Kansas City->Indianapolis | Indianapolis->Atlanta | Atlanta->Washington DC,1
23,abilene,13,1.0,uncertainty_aware_lstm_robust_lp,random_failure_fixed,New York -> Chicago & Chicago -> New York,1,New York,Chicago,1,5.0722389,New York | Chicago,New York->Chicago,1
23,abilene,13,1.0,uncertainty_aware_lstm_robust_lp,random_failure_fixed,New York -> Chicago & Chicago -> New York,2,Kansas City,New York,1,5.0610857,Kansas City | Indianapolis | Chicago | New York,Kansas City->Indianapolis | Indianapolis->Chicago | Chicago->New York,1
23,abilene,13,1.0,uncertainty_aware_lstm_robust_lp,random_failure_fixed,New York -> Chicago & Chicago -> New York,3,Chicago,New York,1,4.8926382,Chicago | New York,Chicago->New York,1
23,abilene,13,1.0,uncertainty_aware_lstm_robust_lp,random_failure_fixed,New York -> Chicago & Chicago -> New York,4,Denver,New York,1,4.4406023,Denver | Kansas City | Indianapolis | Chicago | New York,Denver->Kansas City | Kansas City->Indianapolis | Indianapolis->Chicago | Chicago->New York,1
23,abilene,13,1.0,uncertainty_aware_lstm_robust_lp,random_failure_fixed,New York -> Chicago & Chicago -> New York,5,New York,Denver,1,4.4398766,New York | Chicago | Indianapolis | Kansas City | Denver,New York->Chicago | Chicago->Indianapolis | Indianapolis->Kansas City | Kansas City->Denver,1
24,abilene,13,1.0,current_demand_lp,critical_failure_fixed,Kansas City -> Indianapolis & Indianapolis -> Kansas City,1,Kansas City,Indianapolis,1,6.3232594,Kansas City | Indianapolis,Kansas City->Indianapolis,1
24,abilene,13,1.0,current_demand_lp,critical_failure_fixed,Kansas City -> Indianapolis & Indianapolis -> Kansas City,2,Denver,Washington DC,1,5.9781198,Denver | Kansas City | Indianapolis | Atlanta | Washington DC,Denver->Kansas City | Kansas City->Indianapolis | Indianapolis->Atlanta | Atlanta->Washington DC,1
24,abilene,13,1.0,current_demand_lp,critical_failure_fixed,Kansas City -> Indianapolis & Indianapolis -> Kansas City,3,Kansas City,Chicago,1,5.7957237,Kansas City | Indianapolis | Chicago,Kansas City->Indianapolis | Indianapolis->Chicago,1
24,abilene,13,1.0,current_demand_lp,critical_failure_fixed,Kansas City -> Indianapolis & Indianapolis -> Kansas City,4,Houston,Chicago,1,5.7324629,Houston | Kansas City | Indianapolis | Chicago,Houston->Kansas City | Kansas City->Indianapolis | Indianapolis->Chicago,1
24,abilene,13,1.0,current_demand_lp,critical_failure_fixed,Kansas City -> Indianapolis & Indianapolis -> Kansas City,5,Chicago,Kansas City,1,5.6955628,Chicago | Indianapolis | Kansas City,Chicago->Indianapolis | Indianapolis->Kansas City,1
24,abilene,13,1.0,current_demand_lp,random_failure_fixed,Seattle -> Denver & Denver -> Seattle,1,Seattle,Denver,1,5.954145,Seattle | Denver,Seattle->Denver,1
24,abilene,13,1.0,current_demand_lp,random_failure_fixed,Seattle -> Denver & Denver -> Seattle,2,Chicago,Seattle,1,5.6374781,Chicago | Indianapolis | Kansas City | Denver | Seattle,Chicago->Indianapolis | Indianapolis->Kansas City | Kansas City->Denver | Denver->Seattle,1
24,abilene,13,1.0,current_demand_lp,random_failure_fixed,Seattle -> Denver & Denver -> Seattle,3,Houston,Seattle,1,5.5982583,Houston | Kansas City | Denver | Seattle,Houston->Kansas City | Kansas City->Denver | Denver->Seattle,1
24,abilene,13,1.0,current_demand_lp,random_failure_fixed,Seattle -> Denver & Denver -> Seattle,4,Seattle,Kansas City,1,5.4098179,Seattle | Denver | Kansas City,Seattle->Denver | Denver->Kansas City,1
24,abilene,13,1.0,current_demand_lp,random_failure_fixed,Seattle -> Denver & Denver -> Seattle,5,Indianapolis,Seattle,1,5.1779572,Indianapolis | Kansas City | Denver | Seattle,Indianapolis->Kansas City | Kansas City->Denver | Denver->Seattle,1
24,abilene,13,1.0,robust_current_demand_lp,critical_failure_fixed,Denver -> Kansas City & Kansas City -> Denver,1,Kansas City,Denver,1,6.1814331,Kansas City | Denver,Kansas City->Denver,1
24,abilene,13,1.0,robust_current_demand_lp,critical_failure_fixed,Denver -> Kansas City & Kansas City -> Denver,2,Washington DC,Denver,1,6.1741592,Washington DC | Atlanta | Indianapolis | Kansas City | Denver,Washington DC->Atlanta | Atlanta->Indianapolis | Indianapolis->Kansas City | Kansas City->Denver,1
24,abilene,13,1.0,robust_current_demand_lp,critical_failure_fixed,Denver -> Kansas City & Kansas City -> Denver,3,Sunnyvale,Kansas City,1,6.1424708,Sunnyvale | Denver | Kansas City,Sunnyvale->Denver | Denver->Kansas City,1
24,abilene,13,1.0,robust_current_demand_lp,critical_failure_fixed,Denver -> Kansas City & Kansas City -> Denver,4,Houston,Denver,1,6.078236,Houston | Kansas City | Denver,Houston->Kansas City | Kansas City->Denver,1
24,abilene,13,1.0,robust_current_demand_lp,critical_failure_fixed,Denver -> Kansas City & Kansas City -> Denver,5,Denver,Washington DC,1,5.9781198,Denver | Kansas City | Indianapolis | Atlanta | Washington DC,Denver->Kansas City | Kansas City->Indianapolis | Indianapolis->Atlanta | Atlanta->Washington DC,1
24,abilene,13,1.0,robust_current_demand_lp,random_failure_fixed,Seattle -> Denver & Denver -> Seattle,1,Seattle,Denver,1,5.954145,Seattle | Denver,Seattle->Denver,1
24,abilene,13,1.0,robust_current_demand_lp,random_failure_fixed,Seattle -> Denver & Denver -> Seattle,2,Washington DC,Seattle,1,0.72860696,Washington DC | Atlanta | Houston | Los Angeles | Sunnyvale | Seattle,Washington DC->Atlanta | Atlanta->Houston | Houston->Los Angeles | Los Angeles->Sunnyvale | Sunnyvale->Seattle,0
24,abilene,13,1.0,robust_current_demand_lp,random_failure_fixed,Seattle -> Denver & Denver -> Seattle,2,Washington DC,Seattle,2,5.7041241,Washington DC | Atlanta | Indianapolis | Kansas City | Denver | Seattle,Washington DC->Atlanta | Atlanta->Indianapolis | Indianapolis->Kansas City | Kansas City->Denver | Denver->Seattle,1
24,abilene,13,1.0,robust_current_demand_lp,random_failure_fixed,Seattle -> Denver & Denver -> Seattle,3,Chicago,Seattle,1,5.6374781,Chicago | Indianapolis | Kansas City | Denver | Seattle,Chicago->Indianapolis | Indianapolis->Kansas City | Kansas City->Denver | Denver->Seattle,1
24,abilene,13,1.0,robust_current_demand_lp,random_failure_fixed,Seattle -> Denver & Denver -> Seattle,4,Houston,Seattle,1,5.5982583,Houston | Kansas City | Denver | Seattle,Houston->Kansas City | Kansas City->Denver | Denver->Seattle,1
24,abilene,13,1.0,robust_current_demand_lp,random_failure_fixed,Seattle -> Denver & Denver -> Seattle,5,Seattle,Atlanta,1,5.4365393,Seattle | Denver | Kansas City | Houston | Atlanta,Seattle->Denver | Denver->Kansas City | Kansas City->Houston | Houston->Atlanta,1
24,abilene,13,1.0,uncertainty_aware_lstm_robust_lp,critical_failure_fixed,Denver -> Kansas City & Kansas City -> Denver,1,Washington DC,Denver,1,5.5136995,Washington DC | Atlanta | Indianapolis | Kansas City | Denver,Washington DC->Atlanta | Atlanta->Indianapolis | Indianapolis->Kansas City | Kansas City->Denver,1
24,abilene,13,1.0,uncertainty_aware_lstm_robust_lp,critical_failure_fixed,Denver -> Kansas City & Kansas City -> Denver,2,Kansas City,Denver,1,5.4506397,Kansas City | Denver,Kansas City->Denver,1
24,abilene,13,1.0,uncertainty_aware_lstm_robust_lp,critical_failure_fixed,Denver -> Kansas City & Kansas City -> Denver,3,Sunnyvale,Kansas City,1,5.136343,Sunnyvale | Denver | Kansas City,Sunnyvale->Denver | Denver->Kansas City,1
24,abilene,13,1.0,uncertainty_aware_lstm_robust_lp,critical_failure_fixed,Denver -> Kansas City & Kansas City -> Denver,4,Chicago,Seattle,1,5.1354079,Chicago | Indianapolis | Kansas City | Denver | Seattle,Chicago->Indianapolis | Indianapolis->Kansas City | Kansas City->Denver | Denver->Seattle,1
24,abilene,13,1.0,uncertainty_aware_lstm_robust_lp,critical_failure_fixed,Denver -> Kansas City & Kansas City -> Denver,5,Denver,Washington DC,1,4.9636917,Denver | Kansas City | Indianapolis | Atlanta | Washington DC,Denver->Kansas City | Kansas City->Indianapolis | Indianapolis->Atlanta | Atlanta->Washington DC,1
24,abilene,13,1.0,uncertainty_aware_lstm_robust_lp,random_failure_fixed,Seattle -> Denver & Denver -> Seattle,1,Seattle,Denver,1,5.4234886,Seattle | Denver,Seattle->Denver,1
24,abilene,13,1.0,uncertainty_aware_lstm_robust_lp,random_failure_fixed,Seattle -> Denver & Denver -> Seattle,2,Chicago,Seattle,1,5.1354079,Chicago | Indianapolis | Kansas City | Denver | Seattle,Chicago->Indianapolis | Indianapolis->Kansas City | Kansas City->Denver | Denver->Seattle,1
24,abilene,13,1.0,uncertainty_aware_lstm_robust_lp,random_failure_fixed,Seattle -> Denver & Denver -> Seattle,3,Houston,Seattle,1,4.8362465,Houston | Kansas City | Denver | Seattle,Houston->Kansas City | Kansas City->Denver | Denver->Seattle,1
24,abilene,13,1.0,uncertainty_aware_lstm_robust_lp,random_failure_fixed,Seattle -> Denver & Denver -> Seattle,4,Washington DC,Seattle,1,0.7897456,Washington DC | Atlanta | Houston | Los Angeles | Sunnyvale | Seattle,Washington DC->Atlanta | Atlanta->Houston | Houston->Los Angeles | Los Angeles->Sunnyvale | Sunnyvale->Seattle,0
24,abilene,13,1.0,uncertainty_aware_lstm_robust_lp,random_failure_fixed,Seattle -> Denver & Denver -> Seattle,4,Washington DC,Seattle,2,4.8262031,Washington DC | Atlanta | Indianapolis | Kansas City | Denver | Seattle,Washington DC->Atlanta | Atlanta->Indianapolis | Indianapolis->Kansas City | Kansas City->Denver | Denver->Seattle,1
24,abilene,13,1.0,uncertainty_aware_lstm_robust_lp,random_failure_fixed,Seattle -> Denver & Denver -> Seattle,5,Seattle,Atlanta,1,4.7389102,Seattle | Denver | Kansas City | Houston | Atlanta,Seattle->Denver | Denver->Kansas City | Kansas City->Houston | Houston->Atlanta,1
25,abilene,13,1.0,current_demand_lp,critical_failure_fixed,Kansas City -> Indianapolis & Indianapolis -> Kansas City,1,Kansas City,New York,1,7.0900823,Kansas City | Indianapolis | Chicago | New York,Kansas City->Indianapolis | Indianapolis->Chicago | Chicago->New York,1
25,abilene,13,1.0,current_demand_lp,critical_failure_fixed,Kansas City -> Indianapolis & Indianapolis -> Kansas City,2,Kansas City,Indianapolis,1,6.8709178,Kansas City | Indianapolis,Kansas City->Indianapolis,1
25,abilene,13,1.0,current_demand_lp,critical_failure_fixed,Kansas City -> Indianapolis & Indianapolis -> Kansas City,3,Indianapolis,Sunnyvale,1,6.6373179,Indianapolis | Kansas City | Denver | Sunnyvale,Indianapolis->Kansas City | Kansas City->Denver | Denver->Sunnyvale,1
25,abilene,13,1.0,current_demand_lp,critical_failure_fixed,Kansas City -> Indianapolis & Indianapolis -> Kansas City,4,Chicago,Seattle,1,6.4409816,Chicago | Indianapolis | Kansas City | Denver | Seattle,Chicago->Indianapolis | Indianapolis->Kansas City | Kansas City->Denver | Denver->Seattle,1
25,abilene,13,1.0,current_demand_lp,critical_failure_fixed,Kansas City -> Indianapolis & Indianapolis -> Kansas City,5,Sunnyvale,Washington DC,1,6.403803,Sunnyvale | Denver | Kansas City | Indianapolis | Atlanta | Washington DC,Sunnyvale->Denver | Denver->Kansas City | Kansas City->Indianapolis | Indianapolis->Atlanta | Atlanta->Washington DC,1
25,abilene,13,1.0,current_demand_lp,random_failure_fixed,Sunnyvale -> Denver & Denver -> Sunnyvale,1,Sunnyvale,Denver,1,7.4580301,Sunnyvale | Denver,Sunnyvale->Denver,1
25,abilene,13,1.0,current_demand_lp,random_failure_fixed,Sunnyvale -> Denver & Denver -> Sunnyvale,2,Sunnyvale,Kansas City,1,7.0418252,Sunnyvale | Denver | Kansas City,Sunnyvale->Denver | Denver->Kansas City,1
25,abilene,13,1.0,current_demand_lp,random_failure_fixed,Sunnyvale -> Denver & Denver -> Sunnyvale,3,Indianapolis,Sunnyvale,1,6.6373179,Indianapolis | Kansas City | Denver | Sunnyvale,Indianapolis->Kansas City | Kansas City->Denver | Denver->Sunnyvale,1
25,abilene,13,1.0,current_demand_lp,random_failure_fixed,Sunnyvale -> Denver & Denver -> Sunnyvale,4,Sunnyvale,Washington DC,1,6.403803,Sunnyvale | Denver | Kansas City | Indianapolis | Atlanta | Washington DC,Sunnyvale->Denver | Denver->Kansas City | Kansas City->Indianapolis | Indianapolis->Atlanta | Atlanta->Washington DC,1
25,abilene,13,1.0,current_demand_lp,random_failure_fixed,Sunnyvale -> Denver & Denver -> Sunnyvale,5,Denver,Los Angeles,1,5.7040812,Denver | Sunnyvale | Los Angeles,Denver->Sunnyvale | Sunnyvale->Los Angeles,1
25,abilene,13,1.0,robust_current_demand_lp,critical_failure_fixed,Denver -> Kansas City & Kansas City -> Denver,1,Sunnyvale,Kansas City,1,7.0418252,Sunnyvale | Denver | Kansas City,Sunnyvale->Denver | Denver->Kansas City,1
25,abilene,13,1.0,robust_current_demand_lp,critical_failure_fixed,Denver -> Kansas City & Kansas City -> Denver,2,Washington DC,Denver,1,6.956795,Washington DC | Atlanta | Indianapolis | Kansas City | Denver,Washington DC->Atlanta | Atlanta->Indianapolis | Indianapolis->Kansas City | Kansas City->Denver,1
25,abilene,13,1.0,robust_current_demand_lp,critical_failure_fixed,Denver -> Kansas City & Kansas City -> Denver,3,Kansas City,Denver,1,6.8389995,Kansas City | Denver,Kansas City->Denver,1
25,abilene,13,1.0,robust_current_demand_lp,critical_failure_fixed,Denver -> Kansas City & Kansas City -> Denver,4,Indianapolis,Sunnyvale,1,6.6373179,Indianapolis | Kansas City | Denver | Sunnyvale,Indianapolis->Kansas City | Kansas City->Denver | Denver->Sunnyvale,1
25,abilene,13,1.0,robust_current_demand_lp,critical_failure_fixed,Denver -> Kansas City & Kansas City -> Denver,5,Houston,Denver,1,6.5632567,Houston | Kansas City | Denver,Houston->Kansas City | Kansas City->Denver,1
25,abilene,13,1.0,robust_current_demand_lp,random_failure_fixed,Sunnyvale -> Denver & Denver -> Sunnyvale,1,Sunnyvale,Denver,1,7.4580301,Sunnyvale | Denver,Sunnyvale->Denver,1
25,abilene,13,1.0,robust_current_demand_lp,random_failure_fixed,Sunnyvale -> Denver & Denver -> Sunnyvale,2,Sunnyvale,Kansas City,1,7.0418252,Sunnyvale | Denver | Kansas City,Sunnyvale->Denver | Denver->Kansas City,1
25,abilene,13,1.0,robust_current_demand_lp,random_failure_fixed,Sunnyvale -> Denver & Denver -> Sunnyvale,3,Indianapolis,Sunnyvale,1,6.6373179,Indianapolis | Kansas City | Denver | Sunnyvale,Indianapolis->Kansas City | Kansas City->Denver | Denver->Sunnyvale,1
25,abilene,13,1.0,robust_current_demand_lp,random_failure_fixed,Sunnyvale -> Denver & Denver -> Sunnyvale,4,Denver,Los Angeles,1,5.7040812,Denver | Sunnyvale | Los Angeles,Denver->Sunnyvale | Sunnyvale->Los Angeles,1
25,abilene,13,1.0,robust_current_demand_lp,random_failure_fixed,Sunnyvale -> Denver & Denver -> Sunnyvale,5,Sunnyvale,Chicago,1,5.5732059,Sunnyvale | Denver | Kansas City | Indianapolis | Chicago,Sunnyvale->Denver | Denver->Kansas City | Kansas City->Indianapolis | Indianapolis->Chicago,1
25,abilene,13,1.0,uncertainty_aware_lstm_robust_lp,critical_failure_fixed,Denver -> Kansas City & Kansas City -> Denver,1,Washington DC,Denver,1,5.5136995,Washington DC | Atlanta | Indianapolis | Kansas City | Denver,Washington DC->Atlanta | Atlanta->Indianapolis | Indianapolis->Kansas City | Kansas City->Denver,1
25,abilene,13,1.0,uncertainty_aware_lstm_robust_lp,critical_failure_fixed,Denver -> Kansas City & Kansas City -> Denver,2,Kansas City,Denver,1,5.4506397,Kansas City | Denver,Kansas City->Denver,1
25,abilene,13,1.0,uncertainty_aware_lstm_robust_lp,critical_failure_fixed,Denver -> Kansas City & Kansas City -> Denver,3,Sunnyvale,Kansas City,1,5.136343,Sunnyvale | Denver | Kansas City,Sunnyvale->Denver | Denver->Kansas City,1
25,abilene,13,1.0,uncertainty_aware_lstm_robust_lp,critical_failure_fixed,Denver -> Kansas City & Kansas City -> Denver,4,Chicago,Seattle,1,5.1354079,Chicago | Indianapolis | Kansas City | Denver | Seattle,Chicago->Indianapolis | Indianapolis->Kansas City | Kansas City->Denver | Denver->Seattle,1
25,abilene,13,1.0,uncertainty_aware_lstm_robust_lp,critical_failure_fixed,Denver -> Kansas City & Kansas City -> Denver,5,Denver,Washington DC,1,4.9636917,Denver | Kansas City | Indianapolis | Atlanta | Washington DC,Denver->Kansas City | Kansas City->Indianapolis | Indianapolis->Atlanta | Atlanta->Washington DC,1
25,abilene,13,1.0,uncertainty_aware_lstm_robust_lp,random_failure_fixed,Sunnyvale -> Denver & Denver -> Sunnyvale,1,Sunnyvale,Denver,1,5.3204031,Sunnyvale | Denver,Sunnyvale->Denver,1
25,abilene,13,1.0,uncertainty_aware_lstm_robust_lp,random_failure_fixed,Sunnyvale -> Denver & Denver -> Sunnyvale,2,Sunnyvale,Kansas City,1,5.136343,Sunnyvale | Denver | Kansas City,Sunnyvale->Denver | Denver->Kansas City,1
25,abilene,13,1.0,uncertainty_aware_lstm_robust_lp,random_failure_fixed,Sunnyvale -> Denver & Denver -> Sunnyvale,3,Indianapolis,Sunnyvale,1,4.8076215,Indianapolis | Kansas City | Denver | Sunnyvale,Indianapolis->Kansas City | Kansas City->Denver | Denver->Sunnyvale,1
25,abilene,13,1.0,uncertainty_aware_lstm_robust_lp,random_failure_fixed,Sunnyvale -> Denver & Denver -> Sunnyvale,4,Denver,Los Angeles,1,4.6171913,Denver | Sunnyvale | Los Angeles,Denver->Sunnyvale | Sunnyvale->Los Angeles,1
25,abilene,13,1.0,uncertainty_aware_lstm_robust_lp,random_failure_fixed,Sunnyvale -> Denver & Denver -> Sunnyvale,5,Chicago,Sunnyvale,1,4.4618578,Chicago | Indianapolis | Kansas City | Denver | Sunnyvale,Chicago->Indianapolis | Indianapolis->Kansas City | Kansas City->Denver | Denver->Sunnyvale,1
26,abilene,13,1.0,current_demand_lp,critical_failure_fixed,Kansas City -> Indianapolis & Indianapolis -> Kansas City,1,Kansas City,Indianapolis,1,7.165574,Kansas City | Indianapolis,Kansas City->Indianapolis,1
26,abilene,13,1.0,current_demand_lp,critical_failure_fixed,Kansas City -> Indianapolis & Indianapolis -> Kansas City,2,Chicago,Seattle,1,7.0962975,Chicago | Indianapolis | Kansas City | Denver | Seattle,Chicago->Indianapolis | Indianapolis->Kansas City | Kansas City->Denver | Denver->Seattle,1
26,abilene,13,1.0,current_demand_lp,critical_failure_fixed,Kansas City -> Indianapolis & Indianapolis -> Kansas City,3,Houston,Chicago,1,6.9606227,Houston | Kansas City | Indianapolis | Chicago,Houston->Kansas City | Kansas City->Indianapolis | Indianapolis->Chicago,1
26,abilene,13,1.0,current_demand_lp,critical_failure_fixed,Kansas City -> Indianapolis & Indianapolis -> Kansas City,4,Kansas City,New York,1,6.8888327,Kansas City | Indianapolis | Chicago | New York,Kansas City->Indianapolis | Indianapolis->Chicago | Chicago->New York,1
26,abilene,13,1.0,current_demand_lp,critical_failure_fixed,Kansas City -> Indianapolis & Indianapolis -> Kansas City,5,Denver,Washington DC,1,6.8807369,Denver | Kansas City | Indianapolis | Atlanta | Washington DC,Denver->Kansas City | Kansas City->Indianapolis | Indianapolis->Atlanta | Atlanta->Washington DC,1
26,abilene,13,1.0,current_demand_lp,random_failure_fixed,Houston -> Atlanta & Atlanta -> Houston,1,Los Angeles,Atlanta,1,8.0076173,Los Angeles | Houston | Atlanta,Los Angeles->Houston | Houston->Atlanta,1
26,abilene,13,1.0,current_demand_lp,random_failure_fixed,Houston -> Atlanta & Atlanta -> Houston,2,Washington DC,Seattle,1,7.7840083,Washington DC | Atlanta | Houston | Los Angeles | Sunnyvale | Seattle,Washington DC->Atlanta | Atlanta->Houston | Houston->Los Angeles | Los Angeles->Sunnyvale | Sunnyvale->Seattle,1
26,abilene,13,1.0,current_demand_lp,random_failure_fixed,Houston -> Atlanta & Atlanta -> Houston,3,Atlanta,Houston,1,7.6469148,Atlanta | Houston,Atlanta->Houston,1
26,abilene,13,1.0,current_demand_lp,random_failure_fixed,Houston -> Atlanta & Atlanta -> Houston,4,Los Angeles,Indianapolis,1,7.3953583,Los Angeles | Houston | Atlanta | Indianapolis,Los Angeles->Houston | Houston->Atlanta | Atlanta->Indianapolis,1
26,abilene,13,1.0,current_demand_lp,random_failure_fixed,Houston -> Atlanta & Atlanta -> Houston,5,New York,Los Angeles,1,7.3853316,New York | Washington DC | Atlanta | Houston | Los Angeles,New York->Washington DC | Washington DC->Atlanta | Atlanta->Houston | Houston->Los Angeles,1
26,abilene,13,1.0,robust_current_demand_lp,critical_failure_fixed,Denver -> Kansas City & Kansas City -> Denver,1,Sunnyvale,Kansas City,1,7.41048,Sunnyvale | Denver | Kansas City,Sunnyvale->Denver | Denver->Kansas City,1
26,abilene,13,1.0,robust_current_demand_lp,critical_failure_fixed,Denver -> Kansas City & Kansas City -> Denver,2,Washington DC,Denver,1,7.3709233,Washington DC | Atlanta | Indianapolis | Kansas City | Denver,Washington DC->Atlanta | Atlanta->Indianapolis | Indianapolis->Kansas City | Kansas City->Denver,1
26,abilene,13,1.0,robust_current_demand_lp,critical_failure_fixed,Denver -> Kansas City & Kansas City -> Denver,3,Houston,Denver,1,7.186939,Houston | Kansas City | Denver,Houston->Kansas City | Kansas City->Denver,1
26,abilene,13,1.0,robust_current_demand_lp,critical_failure_fixed,Denver -> Kansas City & Kansas City -> Denver,4,Kansas City,Denver,1,7.1673397,Kansas City | Denver,Kansas City->Denver,1
26,abilene,13,1.0,robust_current_demand_lp,critical_failure_fixed,Denver -> Kansas City & Kansas City -> Denver,5,Chicago,Seattle,1,7.0962975,Chicago | Indianapolis | Kansas City | Denver | Seattle,Chicago->Indianapolis | Indianapolis->Kansas City | Kansas City->Denver | Denver->Seattle,1
26,abilene,13,1.0,robust_current_demand_lp,random_failure_fixed,Houston -> Atlanta & Atlanta -> Houston,1,Los Angeles,Atlanta,1,8.0076173,Los Angeles | Houston | Atlanta,Los Angeles->Houston | Houston->Atlanta,1
26,abilene,13,1.0,robust_current_demand_lp,random_failure_fixed,Houston -> Atlanta & Atlanta -> Houston,2,Atlanta,Houston,1,7.6469148,Atlanta | Houston,Atlanta->Houston,1
26,abilene,13,1.0,robust_current_demand_lp,random_failure_fixed,Houston -> Atlanta & Atlanta -> Houston,3,Los Angeles,Indianapolis,1,7.3953583,Los Angeles | Houston | Atlanta | Indianapolis,Los Angeles->Houston | Houston->Atlanta | Atlanta->Indianapolis,1
26,abilene,13,1.0,robust_current_demand_lp,random_failure_fixed,Houston -> Atlanta & Atlanta -> Houston,4,New York,Los Angeles,1,7.3853316,New York | Washington DC | Atlanta | Houston | Los Angeles,New York->Washington DC | Washington DC->Atlanta | Atlanta->Houston | Houston->Los Angeles,1
26,abilene,13,1.0,robust_current_demand_lp,random_failure_fixed,Houston -> Atlanta & Atlanta -> Houston,5,New York,Houston,1,6.914883,New York | Washington DC | Atlanta | Houston,New York->Washington DC | Washington DC->Atlanta | Atlanta->Houston,1
26,abilene,13,1.0,uncertainty_aware_lstm_robust_lp,critical_failure_fixed,Denver -> Kansas City & Kansas City -> Denver,1,Washington DC,Denver,1,5.5136995,Washington DC | Atlanta | Indianapolis | Kansas City | Denver,Washington DC->Atlanta | Atlanta->Indianapolis | Indianapolis->Kansas City | Kansas City->Denver,1
26,abilene,13,1.0,uncertainty_aware_lstm_robust_lp,critical_failure_fixed,Denver -> Kansas City & Kansas City -> Denver,2,Kansas City,Denver,1,5.4506397,Kansas City | Denver,Kansas City->Denver,1
26,abilene,13,1.0,uncertainty_aware_lstm_robust_lp,critical_failure_fixed,Denver -> Kansas City & Kansas City -> Denver,3,Sunnyvale,Kansas City,1,5.136343,Sunnyvale | Denver | Kansas City,Sunnyvale->Denver | Denver->Kansas City,1
26,abilene,13,1.0,uncertainty_aware_lstm_robust_lp,critical_failure_fixed,Denver -> Kansas City & Kansas City -> Denver,4,Chicago,Seattle,1,5.1354079,Chicago | Indianapolis | Kansas City | Denver | Seattle,Chicago->Indianapolis | Indianapolis->Kansas City | Kansas City->Denver | Denver->Seattle,1
26,abilene,13,1.0,uncertainty_aware_lstm_robust_lp,critical_failure_fixed,Denver -> Kansas City & Kansas City -> Denver,5,Denver,Washington DC,1,4.9636917,Denver | Kansas City | Indianapolis | Atlanta | Washington DC,Denver->Kansas City | Kansas City->Indianapolis | Indianapolis->Atlanta | Atlanta->Washington DC,1
26,abilene,13,1.0,uncertainty_aware_lstm_robust_lp,random_failure_fixed,Houston -> Atlanta & Atlanta -> Houston,1,Atlanta,Houston,1,5.5388985,Atlanta | Houston,Atlanta->Houston,1
26,abilene,13,1.0,uncertainty_aware_lstm_robust_lp,random_failure_fixed,Houston -> Atlanta & Atlanta -> Houston,2,Los Angeles,Atlanta,1,5.4880624,Los Angeles | Houston | Atlanta,Los Angeles->Houston | Houston->Atlanta,1
26,abilene,13,1.0,uncertainty_aware_lstm_robust_lp,random_failure_fixed,Houston -> Atlanta & Atlanta -> Houston,3,New York,Los Angeles,1,5.4227509,New York | Washington DC | Atlanta | Houston | Los Angeles,New York->Washington DC | Washington DC->Atlanta | Atlanta->Houston | Houston->Los Angeles,1
26,abilene,13,1.0,uncertainty_aware_lstm_robust_lp,random_failure_fixed,Houston -> Atlanta & Atlanta -> Houston,4,New York,Houston,1,5.3088112,New York | Washington DC | Atlanta | Houston,New York->Washington DC | Washington DC->Atlanta | Atlanta->Houston,1
26,abilene,13,1.0,uncertainty_aware_lstm_robust_lp,random_failure_fixed,Houston -> Atlanta & Atlanta -> Houston,5,Los Angeles,Indianapolis,1,5.2667956,Los Angeles | Houston | Atlanta | Indianapolis,Los Angeles->Houston | Houston->Atlanta | Atlanta->Indianapolis,1
27,abilene,13,1.0,current_demand_lp,critical_failure_fixed,Kansas City -> Indianapolis & Indianapolis -> Kansas City,1,Chicago,Sunnyvale,1,8.8052555,Chicago | Indianapolis | Kansas City | Denver | Sunnyvale,Chicago->Indianapolis | Indianapolis->Kansas City | Kansas City->Denver | Denver->Sunnyvale,1
27,abilene,13,1.0,current_demand_lp,critical_failure_fixed,Kansas City -> Indianapolis & Indianapolis -> Kansas City,2,New York,Seattle,1,8.2747256,New York | Chicago | Indianapolis | Kansas City | Denver | Seattle,New York->Chicago | Chicago->Indianapolis | Indianapolis->Kansas City | Kansas City->Denver | Denver->Seattle,1
27,abilene,13,1.0,current_demand_lp,critical_failure_fixed,Kansas City -> Indianapolis & Indianapolis -> Kansas City,3,Kansas City,Indianapolis,1,7.419405,Kansas City | Indianapolis,Kansas City->Indianapolis,1
27,abilene,13,1.0,current_demand_lp,critical_failure_fixed,Kansas City -> Indianapolis & Indianapolis -> Kansas City,4,Chicago,Seattle,1,7.3171093,Chicago | Indianapolis | Kansas City | Denver | Seattle,Chicago->Indianapolis | Indianapolis->Kansas City | Kansas City->Denver | Denver->Seattle,1
27,abilene,13,1.0,current_demand_lp,critical_failure_fixed,Kansas City -> Indianapolis & Indianapolis -> Kansas City,5,Kansas City,New York,1,7.2264795,Kansas City | Indianapolis | Chicago | New York,Kansas City->Indianapolis | Indianapolis->Chicago | Chicago->New York,1
27,abilene,13,1.0,current_demand_lp,random_failure_fixed,New York -> Chicago & Chicago -> New York,1,New York,Seattle,1,8.2747256,New York | Chicago | Indianapolis | Kansas City | Denver | Seattle,New York->Chicago | Chicago->Indianapolis | Indianapolis->Kansas City | Kansas City->Denver | Denver->Seattle,1
27,abilene,13,1.0,current_demand_lp,random_failure_fixed,New York -> Chicago & Chicago -> New York,2,Kansas City,New York,1,7.2264795,Kansas City | Indianapolis | Chicago | New York,Kansas City->Indianapolis | Indianapolis->Chicago | Chicago->New York,1
27,abilene,13,1.0,current_demand_lp,random_failure_fixed,New York -> Chicago & Chicago -> New York,3,Chicago,New York,1,7.2110071,Chicago | New York,Chicago->New York,1
27,abilene,13,1.0,current_demand_lp,random_failure_fixed,New York -> Chicago & Chicago -> New York,4,New York,Chicago,1,7.1920598,New York | Chicago,New York->Chicago,1
27,abilene,13,1.0,current_demand_lp,random_failure_fixed,New York -> Chicago & Chicago -> New York,5,Denver,New York,1,5.8871345,Denver | Kansas City | Indianapolis | Chicago | New York,Denver->Kansas City | Kansas City->Indianapolis | Indianapolis->Chicago | Chicago->New York,1
27,abilene,13,1.0,robust_current_demand_lp,critical_failure_fixed,Denver -> Kansas City & Kansas City -> Denver,1,Chicago,Sunnyvale,1,8.8052555,Chicago | Indianapolis | Kansas City | Denver | Sunnyvale,Chicago->Indianapolis | Indianapolis->Kansas City | Kansas City->Denver | Denver->Sunnyvale,1
27,abilene,13,1.0,robust_current_demand_lp,critical_failure_fixed,Denver -> Kansas City & Kansas City -> Denver,2,New York,Seattle,1,8.2747256,New York | Chicago | Indianapolis | Kansas City | Denver | Seattle,New York->Chicago | Chicago->Indianapolis | Indianapolis->Kansas City | Kansas City->Denver | Denver->Seattle,1
27,abilene,13,1.0,robust_current_demand_lp,critical_failure_fixed,Denver -> Kansas City & Kansas City -> Denver,3,Kansas City,Denver,1,7.8444674,Kansas City | Denver,Kansas City->Denver,1
27,abilene,13,1.0,robust_current_demand_lp,critical_failure_fixed,Denver -> Kansas City & Kansas City -> Denver,4,Washington DC,Denver,1,7.3981595,Washington DC | Atlanta | Indianapolis | Kansas City | Denver,Washington DC->Atlanta | Atlanta->Indianapolis | Indianapolis->Kansas City | Kansas City->Denver,1
27,abilene,13,1.0,robust_current_demand_lp,critical_failure_fixed,Denver -> Kansas City & Kansas City -> Denver,5,Chicago,Seattle,1,7.3171093,Chicago | Indianapolis | Kansas City | Denver | Seattle,Chicago->Indianapolis | Indianapolis->Kansas City | Kansas City->Denver | Denver->Seattle,1
27,abilene,13,1.0,robust_current_demand_lp,random_failure_fixed,New York -> Chicago & Chicago -> New York,1,New York,Seattle,1,8.2747256,New York | Chicago | Indianapolis | Kansas City | Denver | Seattle,New York->Chicago | Chicago->Indianapolis | Indianapolis->Kansas City | Kansas City->Denver | Denver->Seattle,1
27,abilene,13,1.0,robust_current_demand_lp,random_failure_fixed,New York -> Chicago & Chicago -> New York,2,Kansas City,New York,1,7.2264795,Kansas City | Indianapolis | Chicago | New York,Kansas City->Indianapolis | Indianapolis->Chicago | Chicago->New York,1
27,abilene,13,1.0,robust_current_demand_lp,random_failure_fixed,New York -> Chicago & Chicago -> New York,3,Chicago,New York,1,7.2110071,Chicago | New York,Chicago->New York,1
27,abilene,13,1.0,robust_current_demand_lp,random_failure_fixed,New York -> Chicago & Chicago -> New York,4,New York,Chicago,1,7.1920598,New York | Chicago,New York->Chicago,1
27,abilene,13,1.0,robust_current_demand_lp,random_failure_fixed,New York -> Chicago & Chicago -> New York,5,Denver,New York,1,5.8871345,Denver | Kansas City | Indianapolis | Chicago | New York,Denver->Kansas City | Kansas City->Indianapolis | Indianapolis->Chicago | Chicago->New York,1
27,abilene,13,1.0,uncertainty_aware_lstm_robust_lp,critical_failure_fixed,Denver -> Kansas City & Kansas City -> Denver,1,Washington DC,Denver,1,5.5136995,Washington DC | Atlanta | Indianapolis | Kansas City | Denver,Washington DC->Atlanta | Atlanta->Indianapolis | Indianapolis->Kansas City | Kansas City->Denver,1
27,abilene,13,1.0,uncertainty_aware_lstm_robust_lp,critical_failure_fixed,Denver -> Kansas City & Kansas City -> Denver,2,Kansas City,Denver,1,5.4506397,Kansas City | Denver,Kansas City->Denver,1
27,abilene,13,1.0,uncertainty_aware_lstm_robust_lp,critical_failure_fixed,Denver -> Kansas City & Kansas City -> Denver,3,Sunnyvale,Kansas City,1,5.136343,Sunnyvale | Denver | Kansas City,Sunnyvale->Denver | Denver->Kansas City,1
27,abilene,13,1.0,uncertainty_aware_lstm_robust_lp,critical_failure_fixed,Denver -> Kansas City & Kansas City -> Denver,4,Chicago,Seattle,1,5.1354079,Chicago | Indianapolis | Kansas City | Denver | Seattle,Chicago->Indianapolis | Indianapolis->Kansas City | Kansas City->Denver | Denver->Seattle,1
27,abilene,13,1.0,uncertainty_aware_lstm_robust_lp,critical_failure_fixed,Denver -> Kansas City & Kansas City -> Denver,5,Denver,Washington DC,1,4.9636917,Denver | Kansas City | Indianapolis | Atlanta | Washington DC,Denver->Kansas City | Kansas City->Indianapolis | Indianapolis->Atlanta | Atlanta->Washington DC,1
27,abilene,13,1.0,uncertainty_aware_lstm_robust_lp,random_failure_fixed,New York -> Chicago & Chicago -> New York,1,New York,Chicago,1,5.0722389,New York | Chicago,New York->Chicago,1
27,abilene,13,1.0,uncertainty_aware_lstm_robust_lp,random_failure_fixed,New York -> Chicago & Chicago -> New York,2,Kansas City,New York,1,5.0610857,Kansas City | Indianapolis | Chicago | New York,Kansas City->Indianapolis | Indianapolis->Chicago | Chicago->New York,1
27,abilene,13,1.0,uncertainty_aware_lstm_robust_lp,random_failure_fixed,New York -> Chicago & Chicago -> New York,3,Chicago,New York,1,4.8926382,Chicago | New York,Chicago->New York,1
27,abilene,13,1.0,uncertainty_aware_lstm_robust_lp,random_failure_fixed,New York -> Chicago & Chicago -> New York,4,Denver,New York,1,4.4406023,Denver | Kansas City | Indianapolis | Chicago | New York,Denver->Kansas City | Kansas City->Indianapolis | Indianapolis->Chicago | Chicago->New York,1
27,abilene,13,1.0,uncertainty_aware_lstm_robust_lp,random_failure_fixed,New York -> Chicago & Chicago -> New York,5,New York,Denver,1,4.4398766,New York | Chicago | Indianapolis | Kansas City | Denver,New York->Chicago | Chicago->Indianapolis | Indianapolis->Kansas City | Kansas City->Denver,1
28,abilene,13,1.0,current_demand_lp,critical_failure_fixed,Kansas City -> Indianapolis & Indianapolis -> Kansas City,1,Kansas City,Indianapolis,1,7.054034,Kansas City | Indianapolis,Kansas City->Indianapolis,1
28,abilene,13,1.0,current_demand_lp,critical_failure_fixed,Kansas City -> Indianapolis & Indianapolis -> Kansas City,2,Chicago,Kansas City,1,7.0029614,Chicago | Indianapolis | Kansas City,Chicago->Indianapolis | Indianapolis->Kansas City,1
28,abilene,13,1.0,current_demand_lp,critical_failure_fixed,Kansas City -> Indianapolis & Indianapolis -> Kansas City,3,Kansas City,New York,1,6.7338829,Kansas City | Indianapolis | Chicago | New York,Kansas City->Indianapolis | Indianapolis->Chicago | Chicago->New York,1
28,abilene,13,1.0,current_demand_lp,critical_failure_fixed,Kansas City -> Indianapolis & Indianapolis -> Kansas City,4,Chicago,Seattle,1,6.6736433,Chicago | Indianapolis | Kansas City | Denver | Seattle,Chicago->Indianapolis | Indianapolis->Kansas City | Kansas City->Denver | Denver->Seattle,1
28,abilene,13,1.0,current_demand_lp,critical_failure_fixed,Kansas City -> Indianapolis & Indianapolis -> Kansas City,5,Indianapolis,Sunnyvale,1,6.6043997,Indianapolis | Kansas City | Denver | Sunnyvale,Indianapolis->Kansas City | Kansas City->Denver | Denver->Sunnyvale,1
28,abilene,13,1.0,current_demand_lp,random_failure_fixed,Denver -> Kansas City & Kansas City -> Denver,1,Kansas City,Denver,1,7.357025,Kansas City | Denver,Kansas City->Denver,1
28,abilene,13,1.0,current_demand_lp,random_failure_fixed,Denver -> Kansas City & Kansas City -> Denver,2,Washington DC,Denver,1,7.184873,Washington DC | Atlanta | Houston | Kansas City | Denver,Washington DC->Atlanta | Atlanta->Houston | Houston->Kansas City | Kansas City->Denver,1
28,abilene,13,1.0,current_demand_lp,random_failure_fixed,Denver -> Kansas City & Kansas City -> Denver,3,Chicago,Seattle,1,6.6736433,Chicago | Indianapolis | Kansas City | Denver | Seattle,Chicago->Indianapolis | Indianapolis->Kansas City | Kansas City->Denver | Denver->Seattle,1
28,abilene,13,1.0,current_demand_lp,random_failure_fixed,Denver -> Kansas City & Kansas City -> Denver,4,Houston,Denver,1,6.6222445,Houston | Kansas City | Denver,Houston->Kansas City | Kansas City->Denver,1
28,abilene,13,1.0,current_demand_lp,random_failure_fixed,Denver -> Kansas City & Kansas City -> Denver,5,Indianapolis,Sunnyvale,1,6.6043997,Indianapolis | Kansas City | Denver | Sunnyvale,Indianapolis->Kansas City | Kansas City->Denver | Denver->Sunnyvale,1
28,abilene,13,1.0,robust_current_demand_lp,critical_failure_fixed,Denver -> Kansas City & Kansas City -> Denver,1,Kansas City,Denver,1,7.357025,Kansas City | Denver,Kansas City->Denver,1
28,abilene,13,1.0,robust_current_demand_lp,critical_failure_fixed,Denver -> Kansas City & Kansas City -> Denver,2,Washington DC,Denver,1,7.184873,Washington DC | Atlanta | Indianapolis | Kansas City | Denver,Washington DC->Atlanta | Atlanta->Indianapolis | Indianapolis->Kansas City | Kansas City->Denver,1
28,abilene,13,1.0,robust_current_demand_lp,critical_failure_fixed,Denver -> Kansas City & Kansas City -> Denver,3,Chicago,Seattle,1,6.6736433,Chicago | Indianapolis | Kansas City | Denver | Seattle,Chicago->Indianapolis | Indianapolis->Kansas City | Kansas City->Denver | Denver->Seattle,1
28,abilene,13,1.0,robust_current_demand_lp,critical_failure_fixed,Denver -> Kansas City & Kansas City -> Denver,4,Houston,Denver,1,6.6222445,Houston | Kansas City | Denver,Houston->Kansas City | Kansas City->Denver,1
28,abilene,13,1.0,robust_current_demand_lp,critical_failure_fixed,Denver -> Kansas City & Kansas City -> Denver,5,Indianapolis,Sunnyvale,1,6.6043997,Indianapolis | Kansas City | Denver | Sunnyvale,Indianapolis->Kansas City | Kansas City->Denver | Denver->Sunnyvale,1
28,abilene,13,1.0,robust_current_demand_lp,random_failure_fixed,Denver -> Kansas City & Kansas City -> Denver,1,Kansas City,Denver,1,7.357025,Kansas City | Denver,Kansas City->Denver,1
28,abilene,13,1.0,robust_current_demand_lp,random_failure_fixed,Denver -> Kansas City & Kansas City -> Denver,2,Washington DC,Denver,1,7.184873,Washington DC | Atlanta | Indianapolis | Kansas City | Denver,Washington DC->Atlanta | Atlanta->Indianapolis | Indianapolis->Kansas City | Kansas City->Denver,1
28,abilene,13,1.0,robust_current_demand_lp,random_failure_fixed,Denver -> Kansas City & Kansas City -> Denver,3,Chicago,Seattle,1,6.6736433,Chicago | Indianapolis | Kansas City | Denver | Seattle,Chicago->Indianapolis | Indianapolis->Kansas City | Kansas City->Denver | Denver->Seattle,1
28,abilene,13,1.0,robust_current_demand_lp,random_failure_fixed,Denver -> Kansas City & Kansas City -> Denver,4,Houston,Denver,1,6.6222445,Houston | Kansas City | Denver,Houston->Kansas City | Kansas City->Denver,1
28,abilene,13,1.0,robust_current_demand_lp,random_failure_fixed,Denver -> Kansas City & Kansas City -> Denver,5,Indianapolis,Sunnyvale,1,6.6043997,Indianapolis | Kansas City | Denver | Sunnyvale,Indianapolis->Kansas City | Kansas City->Denver | Denver->Sunnyvale,1
28,abilene,13,1.0,uncertainty_aware_lstm_robust_lp,critical_failure_fixed,Denver -> Kansas City & Kansas City -> Denver,1,Washington DC,Denver,1,5.5136995,Washington DC | Atlanta | Indianapolis | Kansas City | Denver,Washington DC->Atlanta | Atlanta->Indianapolis | Indianapolis->Kansas City | Kansas City->Denver,1
28,abilene,13,1.0,uncertainty_aware_lstm_robust_lp,critical_failure_fixed,Denver -> Kansas City & Kansas City -> Denver,2,Kansas City,Denver,1,5.4506397,Kansas City | Denver,Kansas City->Denver,1
28,abilene,13,1.0,uncertainty_aware_lstm_robust_lp,critical_failure_fixed,Denver -> Kansas City & Kansas City -> Denver,3,Sunnyvale,Kansas City,1,5.136343,Sunnyvale | Denver | Kansas City,Sunnyvale->Denver | Denver->Kansas City,1
28,abilene,13,1.0,uncertainty_aware_lstm_robust_lp,critical_failure_fixed,Denver -> Kansas City & Kansas City -> Denver,4,Chicago,Seattle,1,5.1354079,Chicago | Indianapolis | Kansas City | Denver | Seattle,Chicago->Indianapolis | Indianapolis->Kansas City | Kansas City->Denver | Denver->Seattle,1
28,abilene,13,1.0,uncertainty_aware_lstm_robust_lp,critical_failure_fixed,Denver -> Kansas City & Kansas City -> Denver,5,Denver,Washington DC,1,4.9636917,Denver | Kansas City | Indianapolis | Atlanta | Washington DC,Denver->Kansas City | Kansas City->Indianapolis | Indianapolis->Atlanta | Atlanta->Washington DC,1
28,abilene,13,1.0,uncertainty_aware_lstm_robust_lp,random_failure_fixed,Denver -> Kansas City & Kansas City -> Denver,1,Washington DC,Denver,1,5.5136995,Washington DC | Atlanta | Indianapolis | Kansas City | Denver,Washington DC->Atlanta | Atlanta->Indianapolis | Indianapolis->Kansas City | Kansas City->Denver,1
28,abilene,13,1.0,uncertainty_aware_lstm_robust_lp,random_failure_fixed,Denver -> Kansas City & Kansas City -> Denver,2,Kansas City,Denver,1,5.4506397,Kansas City | Denver,Kansas City->Denver,1
28,abilene,13,1.0,uncertainty_aware_lstm_robust_lp,random_failure_fixed,Denver -> Kansas City & Kansas City -> Denver,3,Sunnyvale,Kansas City,1,5.136343,Sunnyvale | Denver | Kansas City,Sunnyvale->Denver | Denver->Kansas City,1
28,abilene,13,1.0,uncertainty_aware_lstm_robust_lp,random_failure_fixed,Denver -> Kansas City & Kansas City -> Denver,4,Chicago,Seattle,1,5.1354079,Chicago | Indianapolis | Kansas City | Denver | Seattle,Chicago->Indianapolis | Indianapolis->Kansas City | Kansas City->Denver | Denver->Seattle,1
28,abilene,13,1.0,uncertainty_aware_lstm_robust_lp,random_failure_fixed,Denver -> Kansas City & Kansas City -> Denver,5,Denver,Washington DC,1,4.9636917,Denver | Kansas City | Indianapolis | Atlanta | Washington DC,Denver->Kansas City | Kansas City->Indianapolis | Indianapolis->Atlanta | Atlanta->Washington DC,1
29,abilene,13,1.0,current_demand_lp,critical_failure_fixed,Kansas City -> Indianapolis & Indianapolis -> Kansas City,1,Kansas City,Indianapolis,1,6.2247591,Kansas City | Indianapolis,Kansas City->Indianapolis,1
29,abilene,13,1.0,current_demand_lp,critical_failure_fixed,Kansas City -> Indianapolis & Indianapolis -> Kansas City,2,Denver,Washington DC,1,5.9625484,Denver | Kansas City | Indianapolis | Atlanta | Washington DC,Denver->Kansas City | Kansas City->Indianapolis | Indianapolis->Atlanta | Atlanta->Washington DC,1
29,abilene,13,1.0,current_demand_lp,critical_failure_fixed,Kansas City -> Indianapolis & Indianapolis -> Kansas City,3,Kansas City,Chicago,1,5.8785762,Kansas City | Indianapolis | Chicago,Kansas City->Indianapolis | Indianapolis->Chicago,1
29,abilene,13,1.0,current_demand_lp,critical_failure_fixed,Kansas City -> Indianapolis & Indianapolis -> Kansas City,4,Sunnyvale,Washington DC,1,5.7831999,Sunnyvale | Denver | Kansas City | Indianapolis | Atlanta | Washington DC,Sunnyvale->Denver | Denver->Kansas City | Kansas City->Indianapolis | Indianapolis->Atlanta | Atlanta->Washington DC,1
29,abilene,13,1.0,current_demand_lp,critical_failure_fixed,Kansas City -> Indianapolis & Indianapolis -> Kansas City,5,Kansas City,New York,1,5.7809324,Kansas City | Indianapolis | Chicago | New York,Kansas City->Indianapolis | Indianapolis->Chicago | Chicago->New York,1
29,abilene,13,1.0,current_demand_lp,random_failure_fixed,Atlanta -> Indianapolis & Indianapolis -> Atlanta,1,Indianapolis,Atlanta,1,6.571112,Indianapolis | Atlanta,Indianapolis->Atlanta,1
29,abilene,13,1.0,current_demand_lp,random_failure_fixed,Atlanta -> Indianapolis & Indianapolis -> Atlanta,2,Indianapolis,Washington DC,1,6.3028033,Indianapolis | Atlanta | Washington DC,Indianapolis->Atlanta | Atlanta->Washington DC,1
29,abilene,13,1.0,current_demand_lp,random_failure_fixed,Atlanta -> Indianapolis & Indianapolis -> Atlanta,3,Los Angeles,Indianapolis,1,6.2935357,Los Angeles | Houston | Atlanta | Indianapolis,Los Angeles->Houston | Houston->Atlanta | Atlanta->Indianapolis,1
29,abilene,13,1.0,current_demand_lp,random_failure_fixed,Atlanta -> Indianapolis & Indianapolis -> Atlanta,4,Denver,Washington DC,1,5.9625484,Denver | Kansas City | Indianapolis | Atlanta | Washington DC,Denver->Kansas City | Kansas City->Indianapolis | Indianapolis->Atlanta | Atlanta->Washington DC,1
29,abilene,13,1.0,current_demand_lp,random_failure_fixed,Atlanta -> Indianapolis & Indianapolis -> Atlanta,5,Sunnyvale,Washington DC,1,5.7831999,Sunnyvale | Denver | Kansas City | Indianapolis | Atlanta | Washington DC,Sunnyvale->Denver | Denver->Kansas City | Kansas City->Indianapolis | Indianapolis->Atlanta | Atlanta->Washington DC,1
29,abilene,13,1.0,robust_current_demand_lp,critical_failure_fixed,Denver -> Kansas City & Kansas City -> Denver,1,Kansas City,Denver,1,6.8189061,Kansas City | Denver,Kansas City->Denver,1
29,abilene,13,1.0,robust_current_demand_lp,critical_failure_fixed,Denver -> Kansas City & Kansas City -> Denver,2,Washington DC,Denver,1,6.7806027,Washington DC | Atlanta | Indianapolis | Kansas City | Denver,Washington DC->Atlanta | Atlanta->Indianapolis | Indianapolis->Kansas City | Kansas City->Denver,1
29,abilene,13,1.0,robust_current_demand_lp,critical_failure_fixed,Denver -> Kansas City & Kansas City -> Denver,3,Denver,Washington DC,1,5.9625484,Denver | Kansas City | Indianapolis | Atlanta | Washington DC,Denver->Kansas City | Kansas City->Indianapolis | Indianapolis->Atlanta | Atlanta->Washington DC,1
29,abilene,13,1.0,robust_current_demand_lp,critical_failure_fixed,Denver -> Kansas City & Kansas City -> Denver,4,Sunnyvale,Kansas City,1,5.9437859,Sunnyvale | Denver | Kansas City,Sunnyvale->Denver | Denver->Kansas City,1
29,abilene,13,1.0,robust_current_demand_lp,critical_failure_fixed,Denver -> Kansas City & Kansas City -> Denver,5,Chicago,Seattle,1,5.7505079,Chicago | Indianapolis | Kansas City | Denver | Seattle,Chicago->Indianapolis | Indianapolis->Kansas City | Kansas City->Denver | Denver->Seattle,1
29,abilene,13,1.0,robust_current_demand_lp,random_failure_fixed,Atlanta -> Indianapolis & Indianapolis -> Atlanta,1,Washington DC,Denver,1,6.7806027,Washington DC | Atlanta | Indianapolis | Kansas City | Denver,Washington DC->Atlanta | Atlanta->Indianapolis | Indianapolis->Kansas City | Kansas City->Denver,1
29,abilene,13,1.0,robust_current_demand_lp,random_failure_fixed,Atlanta -> Indianapolis & Indianapolis -> Atlanta,2,Indianapolis,Atlanta,1,6.571112,Indianapolis | Atlanta,Indianapolis->Atlanta,1
29,abilene,13,1.0,robust_current_demand_lp,random_failure_fixed,Atlanta -> Indianapolis & Indianapolis -> Atlanta,3,Indianapolis,Washington DC,1,6.3028033,Indianapolis | Atlanta | Washington DC,Indianapolis->Atlanta | Atlanta->Washington DC,1
29,abilene,13,1.0,robust_current_demand_lp,random_failure_fixed,Atlanta -> Indianapolis & Indianapolis -> Atlanta,4,Los Angeles,Indianapolis,1,6.2935357,Los Angeles | Houston | Atlanta | Indianapolis,Los Angeles->Houston | Houston->Atlanta | Atlanta->Indianapolis,1
29,abilene,13,1.0,robust_current_demand_lp,random_failure_fixed,Atlanta -> Indianapolis & Indianapolis -> Atlanta,5,Denver,Washington DC,1,5.9625484,Denver | Kansas City | Indianapolis | Atlanta | Washington DC,Denver->Kansas City | Kansas City->Indianapolis | Indianapolis->Atlanta | Atlanta->Washington DC,1
29,abilene,13,1.0,uncertainty_aware_lstm_robust_lp,critical_failure_fixed,Denver -> Kansas City & Kansas City -> Denver,1,Washington DC,Denver,1,5.5136995,Washington DC | Atlanta | Indianapolis | Kansas City | Denver,Washington DC->Atlanta | Atlanta->Indianapolis | Indianapolis->Kansas City | Kansas City->Denver,1
29,abilene,13,1.0,uncertainty_aware_lstm_robust_lp,critical_failure_fixed,Denver -> Kansas City & Kansas City -> Denver,2,Kansas City,Denver,1,5.4506397,Kansas City | Denver,Kansas City->Denver,1
29,abilene,13,1.0,uncertainty_aware_lstm_robust_lp,critical_failure_fixed,Denver -> Kansas City & Kansas City -> Denver,3,Sunnyvale,Kansas City,1,5.136343,Sunnyvale | Denver | Kansas City,Sunnyvale->Denver | Denver->Kansas City,1
29,abilene,13,1.0,uncertainty_aware_lstm_robust_lp,critical_failure_fixed,Denver -> Kansas City & Kansas City -> Denver,4,Chicago,Seattle,1,5.1354079,Chicago | Indianapolis | Kansas City | Denver | Seattle,Chicago->Indianapolis | Indianapolis->Kansas City | Kansas City->Denver | Denver->Seattle,1
29,abilene,13,1.0,uncertainty_aware_lstm_robust_lp,critical_failure_fixed,Denver -> Kansas City & Kansas City -> Denver,5,Denver,Washington DC,1,4.9636917,Denver | Kansas City | Indianapolis | Atlanta | Washington DC,Denver->Kansas City | Kansas City->Indianapolis | Indianapolis->Atlanta | Atlanta->Washington DC,1
29,abilene,13,1.0,uncertainty_aware_lstm_robust_lp,random_failure_fixed,Atlanta -> Indianapolis & Indianapolis -> Atlanta,1,Washington DC,Denver,1,5.5136995,Washington DC | Atlanta | Indianapolis | Kansas City | Denver,Washington DC->Atlanta | Atlanta->Indianapolis | Indianapolis->Kansas City | Kansas City->Denver,1
29,abilene,13,1.0,uncertainty_aware_lstm_robust_lp,random_failure_fixed,Atlanta -> Indianapolis & Indianapolis -> Atlanta,2,Indianapolis,Washington DC,1,5.392498,Indianapolis | Atlanta | Washington DC,Indianapolis->Atlanta | Atlanta->Washington DC,1
29,abilene,13,1.0,uncertainty_aware_lstm_robust_lp,random_failure_fixed,Atlanta -> Indianapolis & Indianapolis -> Atlanta,3,Indianapolis,Atlanta,1,5.3084683,Indianapolis | Atlanta,Indianapolis->Atlanta,1
29,abilene,13,1.0,uncertainty_aware_lstm_robust_lp,random_failure_fixed,Atlanta -> Indianapolis & Indianapolis -> Atlanta,4,Los Angeles,Indianapolis,1,5.2667956,Los Angeles | Houston | Atlanta | Indianapolis,Los Angeles->Houston | Houston->Atlanta | Atlanta->Indianapolis,1
29,abilene,13,1.0,uncertainty_aware_lstm_robust_lp,random_failure_fixed,Atlanta -> Indianapolis & Indianapolis -> Atlanta,5,Denver,Washington DC,1,4.9636917,Denver | Kansas City | Indianapolis | Atlanta | Washington DC,Denver->Kansas City | Kansas City->Indianapolis | Indianapolis->Atlanta | Atlanta->Washington DC,1
30,abilene,13,1.0,current_demand_lp,critical_failure_fixed,Kansas City -> Indianapolis & Indianapolis -> Kansas City,1,Houston,Chicago,1,5.3612427,Houston | Kansas City | Indianapolis | Chicago,Houston->Kansas City | Kansas City->Indianapolis | Indianapolis->Chicago,1
30,abilene,13,1.0,current_demand_lp,critical_failure_fixed,Kansas City -> Indianapolis & Indianapolis -> Kansas City,2,Chicago,Seattle,1,5.2617928,Chicago | Indianapolis | Kansas City | Denver | Seattle,Chicago->Indianapolis | Indianapolis->Kansas City | Kansas City->Denver | Denver->Seattle,1
30,abilene,13,1.0,current_demand_lp,critical_failure_fixed,Kansas City -> Indianapolis & Indianapolis -> Kansas City,3,Kansas City,Indianapolis,1,5.1929758,Kansas City | Indianapolis,Kansas City->Indianapolis,1
30,abilene,13,1.0,current_demand_lp,critical_failure_fixed,Kansas City -> Indianapolis & Indianapolis -> Kansas City,4,Kansas City,New York,1,5.1712379,Kansas City | Indianapolis | Chicago | New York,Kansas City->Indianapolis | Indianapolis->Chicago | Chicago->New York,1
30,abilene,13,1.0,current_demand_lp,critical_failure_fixed,Kansas City -> Indianapolis & Indianapolis -> Kansas City,5,Chicago,Kansas City,1,4.8670571,Chicago | Indianapolis | Kansas City,Chicago->Indianapolis | Indianapolis->Kansas City,1
30,abilene,13,1.0,current_demand_lp,random_failure_fixed,New York -> Washington DC & Washington DC -> New York,1,Washington DC,New York,1,5.739952,Washington DC | New York,Washington DC->New York,1
30,abilene,13,1.0,current_demand_lp,random_failure_fixed,New York -> Washington DC & Washington DC -> New York,2,New York,Atlanta,1,5.7164948,New York | Washington DC | Atlanta,New York->Washington DC | Washington DC->Atlanta,1
30,abilene,13,1.0,current_demand_lp,random_failure_fixed,New York -> Washington DC & Washington DC -> New York,3,New York,Los Angeles,1,5.6628636,New York | Washington DC | Atlanta | Houston | Los Angeles,New York->Washington DC | Washington DC->Atlanta | Atlanta->Houston | Houston->Los Angeles,1
30,abilene,13,1.0,current_demand_lp,random_failure_fixed,New York -> Washington DC & Washington DC -> New York,4,New York,Houston,1,5.3376909,New York | Washington DC | Atlanta | Houston,New York->Washington DC | Washington DC->Atlanta | Atlanta->Houston,1
30,abilene,13,1.0,current_demand_lp,random_failure_fixed,New York -> Washington DC & Washington DC -> New York,5,New York,Washington DC,1,4.7316836,New York | Washington DC,New York->Washington DC,1
30,abilene,13,1.0,robust_current_demand_lp,critical_failure_fixed,Denver -> Kansas City & Kansas City -> Denver,1,Kansas City,Denver,1,5.694498,Kansas City | Denver,Kansas City->Denver,1
30,abilene,13,1.0,robust_current_demand_lp,critical_failure_fixed,Denver -> Kansas City & Kansas City -> Denver,2,Chicago,Seattle,1,5.2617928,Chicago | Indianapolis | Kansas City | Denver | Seattle,Chicago->Indianapolis | Indianapolis->Kansas City | Kansas City->Denver | Denver->Seattle,1
30,abilene,13,1.0,robust_current_demand_lp,critical_failure_fixed,Denver -> Kansas City & Kansas City -> Denver,3,Houston,Denver,1,5.2307112,Houston | Kansas City | Denver,Houston->Kansas City | Kansas City->Denver,1
30,abilene,13,1.0,robust_current_demand_lp,critical_failure_fixed,Denver -> Kansas City & Kansas City -> Denver,4,Washington DC,Denver,1,5.0268894,Washington DC | Atlanta | Indianapolis | Kansas City | Denver,Washington DC->Atlanta | Atlanta->Indianapolis | Indianapolis->Kansas City | Kansas City->Denver,1
30,abilene,13,1.0,robust_current_demand_lp,critical_failure_fixed,Denver -> Kansas City & Kansas City -> Denver,5,Sunnyvale,Kansas City,1,5.0013483,Sunnyvale | Denver | Kansas City,Sunnyvale->Denver | Denver->Kansas City,1
30,abilene,13,1.0,robust_current_demand_lp,random_failure_fixed,New York -> Washington DC & Washington DC -> New York,1,Washington DC,New York,1,5.739952,Washington DC | New York,Washington DC->New York,1
30,abilene,13,1.0,robust_current_demand_lp,random_failure_fixed,New York -> Washington DC & Washington DC -> New York,2,New York,Atlanta,1,5.7164948,New York | Washington DC | Atlanta,New York->Washington DC | Washington DC->Atlanta,1
30,abilene,13,1.0,robust_current_demand_lp,random_failure_fixed,New York -> Washington DC & Washington DC -> New York,3,New York,Los Angeles,1,5.6628636,New York | Washington DC | Atlanta | Houston | Los Angeles,New York->Washington DC | Washington DC->Atlanta | Atlanta->Houston | Houston->Los Angeles,1
30,abilene,13,1.0,robust_current_demand_lp,random_failure_fixed,New York -> Washington DC & Washington DC -> New York,4,New York,Houston,1,5.3376909,New York | Washington DC | Atlanta | Houston,New York->Washington DC | Washington DC->Atlanta | Atlanta->Houston,1
30,abilene,13,1.0,robust_current_demand_lp,random_failure_fixed,New York -> Washington DC & Washington DC -> New York,5,New York,Washington DC,1,4.7316836,New York | Washington DC,New York->Washington DC,1
30,abilene,13,1.0,uncertainty_aware_lstm_robust_lp,critical_failure_fixed,Denver -> Kansas City & Kansas City -> Denver,1,Washington DC,Denver,1,5.5136995,Washington DC | Atlanta | Indianapolis | Kansas City | Denver,Washington DC->Atlanta | Atlanta->Indianapolis | Indianapolis->Kansas City | Kansas City->Denver,1
30,abilene,13,1.0,uncertainty_aware_lstm_robust_lp,critical_failure_fixed,Denver -> Kansas City & Kansas City -> Denver,2,Kansas City,Denver,1,5.4506397,Kansas City | Denver,Kansas City->Denver,1
30,abilene,13,1.0,uncertainty_aware_lstm_robust_lp,critical_failure_fixed,Denver -> Kansas City & Kansas City -> Denver,3,Sunnyvale,Kansas City,1,5.136343,Sunnyvale | Denver | Kansas City,Sunnyvale->Denver | Denver->Kansas City,1
30,abilene,13,1.0,uncertainty_aware_lstm_robust_lp,critical_failure_fixed,Denver -> Kansas City & Kansas City -> Denver,4,Chicago,Seattle,1,5.1354079,Chicago | Indianapolis | Kansas City | Denver | Seattle,Chicago->Indianapolis | Indianapolis->Kansas City | Kansas City->Denver | Denver->Seattle,1
30,abilene,13,1.0,uncertainty_aware_lstm_robust_lp,critical_failure_fixed,Denver -> Kansas City & Kansas City -> Denver,5,Denver,Washington DC,1,4.9636917,Denver | Kansas City | Indianapolis | Atlanta | Washington DC,Denver->Kansas City | Kansas City->Indianapolis | Indianapolis->Atlanta | Atlanta->Washington DC,1
30,abilene,13,1.0,uncertainty_aware_lstm_robust_lp,random_failure_fixed,New York -> Washington DC & Washington DC -> New York,1,New York,Los Angeles,1,5.4227509,New York | Washington DC | Atlanta | Houston | Los Angeles,New York->Washington DC | Washington DC->Atlanta | Atlanta->Houston | Houston->Los Angeles,1
30,abilene,13,1.0,uncertainty_aware_lstm_robust_lp,random_failure_fixed,New York -> Washington DC & Washington DC -> New York,2,New York,Atlanta,1,5.3731141,New York | Washington DC | Atlanta,New York->Washington DC | Washington DC->Atlanta,1
30,abilene,13,1.0,uncertainty_aware_lstm_robust_lp,random_failure_fixed,New York -> Washington DC & Washington DC -> New York,3,Washington DC,New York,1,5.358407,Washington DC | New York,Washington DC->New York,1
30,abilene,13,1.0,uncertainty_aware_lstm_robust_lp,random_failure_fixed,New York -> Washington DC & Washington DC -> New York,4,New York,Houston,1,5.3088112,New York | Washington DC | Atlanta | Houston,New York->Washington DC | Washington DC->Atlanta | Atlanta->Houston,1
30,abilene,13,1.0,uncertainty_aware_lstm_robust_lp,random_failure_fixed,New York -> Washington DC & Washington DC -> New York,5,New York,Washington DC,1,5.0553956,New York | Washington DC,New York->Washington DC,1
31,abilene,13,1.0,current_demand_lp,critical_failure_fixed,Kansas City -> Indianapolis & Indianapolis -> Kansas City,1,Chicago,Seattle,1,4.6424966,Chicago | Indianapolis | Kansas City | Denver | Seattle,Chicago->Indianapolis | Indianapolis->Kansas City | Kansas City->Denver | Denver->Seattle,1
31,abilene,13,1.0,current_demand_lp,critical_failure_fixed,Kansas City -> Indianapolis & Indianapolis -> Kansas City,2,Indianapolis,Sunnyvale,1,4.5939842,Indianapolis | Kansas City | Denver | Sunnyvale,Indianapolis->Kansas City | Kansas City->Denver | Denver->Sunnyvale,1
31,abilene,13,1.0,current_demand_lp,critical_failure_fixed,Kansas City -> Indianapolis & Indianapolis -> Kansas City,3,Kansas City,Chicago,1,4.5915059,Kansas City | Indianapolis | Chicago,Kansas City->Indianapolis | Indianapolis->Chicago,1
31,abilene,13,1.0,current_demand_lp,critical_failure_fixed,Kansas City -> Indianapolis & Indianapolis -> Kansas City,4,Denver,Washington DC,1,4.3103433,Denver | Kansas City | Indianapolis | Atlanta | Washington DC,Denver->Kansas City | Kansas City->Indianapolis | Indianapolis->Atlanta | Atlanta->Washington DC,1
31,abilene,13,1.0,current_demand_lp,critical_failure_fixed,Kansas City -> Indianapolis & Indianapolis -> Kansas City,5,Indianapolis,Seattle,1,4.2380901,Indianapolis | Kansas City | Denver | Seattle,Indianapolis->Kansas City | Kansas City->Denver | Denver->Seattle,1
31,abilene,13,1.0,current_demand_lp,random_failure_fixed,Sunnyvale -> Denver & Denver -> Sunnyvale,1,Indianapolis,Sunnyvale,1,4.5939842,Indianapolis | Kansas City | Denver | Sunnyvale,Indianapolis->Kansas City | Kansas City->Denver | Denver->Sunnyvale,1
31,abilene,13,1.0,current_demand_lp,random_failure_fixed,Sunnyvale -> Denver & Denver -> Sunnyvale,2,Sunnyvale,Kansas City,1,4.2862398,Sunnyvale | Denver | Kansas City,Sunnyvale->Denver | Denver->Kansas City,1
31,abilene,13,1.0,current_demand_lp,random_failure_fixed,Sunnyvale -> Denver & Denver -> Sunnyvale,3,Sunnyvale,Denver,1,4.1484645,Sunnyvale | Denver,Sunnyvale->Denver,1
31,abilene,13,1.0,current_demand_lp,random_failure_fixed,Sunnyvale -> Denver & Denver -> Sunnyvale,4,Sunnyvale,Washington DC,1,4.1163641,Sunnyvale | Denver | Kansas City | Indianapolis | Atlanta | Washington DC,Sunnyvale->Denver | Denver->Kansas City | Kansas City->Indianapolis | Indianapolis->Atlanta | Atlanta->Washington DC,1
31,abilene,13,1.0,current_demand_lp,random_failure_fixed,Sunnyvale -> Denver & Denver -> Sunnyvale,5,Denver,Los Angeles,1,3.8375618,Denver | Sunnyvale | Los Angeles,Denver->Sunnyvale | Sunnyvale->Los Angeles,1
31,abilene,13,1.0,robust_current_demand_lp,critical_failure_fixed,Denver -> Kansas City & Kansas City -> Denver,1,Kansas City,Denver,1,5.0822469,Kansas City | Denver,Kansas City->Denver,1
31,abilene,13,1.0,robust_current_demand_lp,critical_failure_fixed,Denver -> Kansas City & Kansas City -> Denver,2,Washington DC,Denver,1,4.8550787,Washington DC | Atlanta | Indianapolis | Kansas City | Denver,Washington DC->Atlanta | Atlanta->Indianapolis | Indianapolis->Kansas City | Kansas City->Denver,1
31,abilene,13,1.0,robust_current_demand_lp,critical_failure_fixed,Denver -> Kansas City & Kansas City -> Denver,3,Chicago,Seattle,1,4.6424966,Chicago | Indianapolis | Kansas City | Denver | Seattle,Chicago->Indianapolis | Indianapolis->Kansas City | Kansas City->Denver | Denver->Seattle,1
31,abilene,13,1.0,robust_current_demand_lp,critical_failure_fixed,Denver -> Kansas City & Kansas City -> Denver,4,Indianapolis,Sunnyvale,1,4.5939842,Indianapolis | Kansas City | Denver | Sunnyvale,Indianapolis->Kansas City | Kansas City->Denver | Denver->Sunnyvale,1
31,abilene,13,1.0,robust_current_demand_lp,critical_failure_fixed,Denver -> Kansas City & Kansas City -> Denver,5,Houston,Seattle,1,4.353267,Houston | Kansas City | Denver | Seattle,Houston->Kansas City | Kansas City->Denver | Denver->Seattle,1
31,abilene,13,1.0,robust_current_demand_lp,random_failure_fixed,Sunnyvale -> Denver & Denver -> Sunnyvale,1,Indianapolis,Sunnyvale,1,4.5939842,Indianapolis | Kansas City | Denver | Sunnyvale,Indianapolis->Kansas City | Kansas City->Denver | Denver->Sunnyvale,1
31,abilene,13,1.0,robust_current_demand_lp,random_failure_fixed,Sunnyvale -> Denver & Denver -> Sunnyvale,2,Sunnyvale,Kansas City,1,4.2862398,Sunnyvale | Denver | Kansas City,Sunnyvale->Denver | Denver->Kansas City,1
31,abilene,13,1.0,robust_current_demand_lp,random_failure_fixed,Sunnyvale -> Denver & Denver -> Sunnyvale,3,Sunnyvale,Denver,1,4.1484645,Sunnyvale | Denver,Sunnyvale->Denver,1
31,abilene,13,1.0,robust_current_demand_lp,random_failure_fixed,Sunnyvale -> Denver & Denver -> Sunnyvale,4,Denver,Los Angeles,1,3.8375618,Denver | Sunnyvale | Los Angeles,Denver->Sunnyvale | Sunnyvale->Los Angeles,1
31,abilene,13,1.0,robust_current_demand_lp,random_failure_fixed,Sunnyvale -> Denver & Denver -> Sunnyvale,5,Sunnyvale,Chicago,1,3.8052235,Sunnyvale | Denver | Kansas City | Indianapolis | Chicago,Sunnyvale->Denver | Denver->Kansas City | Kansas City->Indianapolis | Indianapolis->Chicago,1
31,abilene,13,1.0,uncertainty_aware_lstm_robust_lp,critical_failure_fixed,Denver -> Kansas City & Kansas City -> Denver,1,Washington DC,Denver,1,5.5136995,Washington DC | Atlanta | Indianapolis | Kansas City | Denver,Washington DC->Atlanta | Atlanta->Indianapolis | Indianapolis->Kansas City | Kansas City->Denver,1
31,abilene,13,1.0,uncertainty_aware_lstm_robust_lp,critical_failure_fixed,Denver -> Kansas City & Kansas City -> Denver,2,Kansas City,Denver,1,5.4506397,Kansas City | Denver,Kansas City->Denver,1
31,abilene,13,1.0,uncertainty_aware_lstm_robust_lp,critical_failure_fixed,Denver -> Kansas City & Kansas City -> Denver,3,Sunnyvale,Kansas City,1,5.136343,Sunnyvale | Denver | Kansas City,Sunnyvale->Denver | Denver->Kansas City,1
31,abilene,13,1.0,uncertainty_aware_lstm_robust_lp,critical_failure_fixed,Denver -> Kansas City & Kansas City -> Denver,4,Chicago,Seattle,1,5.1354079,Chicago | Indianapolis | Kansas City | Denver | Seattle,Chicago->Indianapolis | Indianapolis->Kansas City | Kansas City->Denver | Denver->Seattle,1
31,abilene,13,1.0,uncertainty_aware_lstm_robust_lp,critical_failure_fixed,Denver -> Kansas City & Kansas City -> Denver,5,Denver,Washington DC,1,4.9636917,Denver | Kansas City | Indianapolis | Atlanta | Washington DC,Denver->Kansas City | Kansas City->Indianapolis | Indianapolis->Atlanta | Atlanta->Washington DC,1
31,abilene,13,1.0,uncertainty_aware_lstm_robust_lp,random_failure_fixed,Sunnyvale -> Denver & Denver -> Sunnyvale,1,Sunnyvale,Denver,1,5.3204031,Sunnyvale | Denver,Sunnyvale->Denver,1
31,abilene,13,1.0,uncertainty_aware_lstm_robust_lp,random_failure_fixed,Sunnyvale -> Denver & Denver -> Sunnyvale,2,Sunnyvale,Kansas City,1,5.136343,Sunnyvale | Denver | Kansas City,Sunnyvale->Denver | Denver->Kansas City,1
31,abilene,13,1.0,uncertainty_aware_lstm_robust_lp,random_failure_fixed,Sunnyvale -> Denver & Denver -> Sunnyvale,3,Indianapolis,Sunnyvale,1,4.8076215,Indianapolis | Kansas City | Denver | Sunnyvale,Indianapolis->Kansas City | Kansas City->Denver | Denver->Sunnyvale,1
31,abilene,13,1.0,uncertainty_aware_lstm_robust_lp,random_failure_fixed,Sunnyvale -> Denver & Denver -> Sunnyvale,4,Denver,Los Angeles,1,4.6171913,Denver | Sunnyvale | Los Angeles,Denver->Sunnyvale | Sunnyvale->Los Angeles,1
31,abilene,13,1.0,uncertainty_aware_lstm_robust_lp,random_failure_fixed,Sunnyvale -> Denver & Denver -> Sunnyvale,5,Chicago,Sunnyvale,1,4.4618578,Chicago | Indianapolis | Kansas City | Denver | Sunnyvale,Chicago->Indianapolis | Indianapolis->Kansas City | Kansas City->Denver | Denver->Sunnyvale,1
32,abilene,13,1.0,current_demand_lp,critical_failure_fixed,Kansas City -> Indianapolis & Indianapolis -> Kansas City,1,Kansas City,Indianapolis,1,3.9036442,Kansas City | Indianapolis,Kansas City->Indianapolis,1
32,abilene,13,1.0,current_demand_lp,critical_failure_fixed,Kansas City -> Indianapolis & Indianapolis -> Kansas City,2,Indianapolis,Sunnyvale,1,3.8143364,Indianapolis | Kansas City | Denver | Sunnyvale,Indianapolis->Kansas City | Kansas City->Denver | Denver->Sunnyvale,1
32,abilene,13,1.0,current_demand_lp,critical_failure_fixed,Kansas City -> Indianapolis & Indianapolis -> Kansas City,3,Kansas City,New York,1,3.8126257,Kansas City | Indianapolis | Chicago | New York,Kansas City->Indianapolis | Indianapolis->Chicago | Chicago->New York,1
32,abilene,13,1.0,current_demand_lp,critical_failure_fixed,Kansas City -> Indianapolis & Indianapolis -> Kansas City,4,Denver,Washington DC,1,3.7780026,Denver | Kansas City | Indianapolis | Atlanta | Washington DC,Denver->Kansas City | Kansas City->Indianapolis | Indianapolis->Atlanta | Atlanta->Washington DC,1
32,abilene,13,1.0,current_demand_lp,critical_failure_fixed,Kansas City -> Indianapolis & Indianapolis -> Kansas City,5,Chicago,Kansas City,1,3.7399063,Chicago | Indianapolis | Kansas City,Chicago->Indianapolis | Indianapolis->Kansas City,1
32,abilene,13,1.0,current_demand_lp,random_failure_fixed,Houston -> Atlanta & Atlanta -> Houston,1,Los Angeles,Atlanta,1,4.2142231,Los Angeles | Houston | Atlanta,Los Angeles->Houston | Houston->Atlanta,1
32,abilene,13,1.0,current_demand_lp,random_failure_fixed,Houston -> Atlanta & Atlanta -> Houston,2,Washington DC,Seattle,1,4.1530556,Washington DC | Atlanta | Houston | Los Angeles | Sunnyvale | Seattle,Washington DC->Atlanta | Atlanta->Houston | Houston->Los Angeles | Los Angeles->Sunnyvale | Sunnyvale->Seattle,1
32,abilene,13,1.0,current_demand_lp,random_failure_fixed,Houston -> Atlanta & Atlanta -> Houston,3,Los Angeles,Indianapolis,1,4.1415455,Los Angeles | Houston | Atlanta | Indianapolis,Los Angeles->Houston | Houston->Atlanta | Atlanta->Indianapolis,1
32,abilene,13,1.0,current_demand_lp,random_failure_fixed,Houston -> Atlanta & Atlanta -> Houston,4,Washington DC,Denver,1,4.0101558,Washington DC | Atlanta | Houston | Kansas City | Denver,Washington DC->Atlanta | Atlanta->Houston | Houston->Kansas City | Kansas City->Denver,1
32,abilene,13,1.0,current_demand_lp,random_failure_fixed,Houston -> Atlanta & Atlanta -> Houston,5,Atlanta,Houston,1,3.9716537,Atlanta | Houston,Atlanta->Houston,1
32,abilene,13,1.0,robust_current_demand_lp,critical_failure_fixed,Denver -> Kansas City & Kansas City -> Denver,1,Kansas City,Denver,1,4.2074457,Kansas City | Denver,Kansas City->Denver,1
32,abilene,13,1.0,robust_current_demand_lp,critical_failure_fixed,Denver -> Kansas City & Kansas City -> Denver,2,Sunnyvale,Kansas City,1,4.0287727,Sunnyvale | Denver | Kansas City,Sunnyvale->Denver | Denver->Kansas City,1
32,abilene,13,1.0,robust_current_demand_lp,critical_failure_fixed,Denver -> Kansas City & Kansas City -> Denver,3,Houston,Denver,1,4.0141657,Houston | Kansas City | Denver,Houston->Kansas City | Kansas City->Denver,1
32,abilene,13,1.0,robust_current_demand_lp,critical_failure_fixed,Denver -> Kansas City & Kansas City -> Denver,4,Washington DC,Denver,1,4.0101558,Washington DC | Atlanta | Indianapolis | Kansas City | Denver,Washington DC->Atlanta | Atlanta->Indianapolis | Indianapolis->Kansas City | Kansas City->Denver,1
32,abilene,13,1.0,robust_current_demand_lp,critical_failure_fixed,Denver -> Kansas City & Kansas City -> Denver,5,Indianapolis,Sunnyvale,1,3.8143364,Indianapolis | Kansas City | Denver | Sunnyvale,Indianapolis->Kansas City | Kansas City->Denver | Denver->Sunnyvale,1
32,abilene,13,1.0,robust_current_demand_lp,random_failure_fixed,Houston -> Atlanta & Atlanta -> Houston,1,Los Angeles,Atlanta,1,4.2142231,Los Angeles | Houston | Atlanta,Los Angeles->Houston | Houston->Atlanta,1
32,abilene,13,1.0,robust_current_demand_lp,random_failure_fixed,Houston -> Atlanta & Atlanta -> Houston,2,Los Angeles,Indianapolis,1,4.1415455,Los Angeles | Houston | Atlanta | Indianapolis,Los Angeles->Houston | Houston->Atlanta | Atlanta->Indianapolis,1
32,abilene,13,1.0,robust_current_demand_lp,random_failure_fixed,Houston -> Atlanta & Atlanta -> Houston,3,Atlanta,Houston,1,3.9716537,Atlanta | Houston,Atlanta->Houston,1
32,abilene,13,1.0,robust_current_demand_lp,random_failure_fixed,Houston -> Atlanta & Atlanta -> Houston,4,New York,Houston,1,3.7540252,New York | Washington DC | Atlanta | Houston,New York->Washington DC | Washington DC->Atlanta | Atlanta->Houston,1
32,abilene,13,1.0,robust_current_demand_lp,random_failure_fixed,Houston -> Atlanta & Atlanta -> Houston,5,New York,Los Angeles,1,3.5886373,New York | Washington DC | Atlanta | Houston | Los Angeles,New York->Washington DC | Washington DC->Atlanta | Atlanta->Houston | Houston->Los Angeles,1
32,abilene,13,1.0,uncertainty_aware_lstm_robust_lp,critical_failure_fixed,Denver -> Kansas City & Kansas City -> Denver,1,Washington DC,Denver,1,5.5136995,Washington DC | Atlanta | Indianapolis | Kansas City | Denver,Washington DC->Atlanta | Atlanta->Indianapolis | Indianapolis->Kansas City | Kansas City->Denver,1
32,abilene,13,1.0,uncertainty_aware_lstm_robust_lp,critical_failure_fixed,Denver -> Kansas City & Kansas City -> Denver,2,Kansas City,Denver,1,5.4506397,Kansas City | Denver,Kansas City->Denver,1
32,abilene,13,1.0,uncertainty_aware_lstm_robust_lp,critical_failure_fixed,Denver -> Kansas City & Kansas City -> Denver,3,Sunnyvale,Kansas City,1,5.136343,Sunnyvale | Denver | Kansas City,Sunnyvale->Denver | Denver->Kansas City,1
32,abilene,13,1.0,uncertainty_aware_lstm_robust_lp,critical_failure_fixed,Denver -> Kansas City & Kansas City -> Denver,4,Chicago,Seattle,1,5.1354079,Chicago | Indianapolis | Kansas City | Denver | Seattle,Chicago->Indianapolis | Indianapolis->Kansas City | Kansas City->Denver | Denver->Seattle,1
32,abilene,13,1.0,uncertainty_aware_lstm_robust_lp,critical_failure_fixed,Denver -> Kansas City & Kansas City -> Denver,5,Denver,Washington DC,1,4.9636917,Denver | Kansas City | Indianapolis | Atlanta | Washington DC,Denver->Kansas City | Kansas City->Indianapolis | Indianapolis->Atlanta | Atlanta->Washington DC,1
32,abilene,13,1.0,uncertainty_aware_lstm_robust_lp,random_failure_fixed,Houston -> Atlanta & Atlanta -> Houston,1,Atlanta,Houston,1,5.5388985,Atlanta | Houston,Atlanta->Houston,1
32,abilene,13,1.0,uncertainty_aware_lstm_robust_lp,random_failure_fixed,Houston -> Atlanta & Atlanta -> Houston,2,Los Angeles,Atlanta,1,5.4880624,Los Angeles | Houston | Atlanta,Los Angeles->Houston | Houston->Atlanta,1
32,abilene,13,1.0,uncertainty_aware_lstm_robust_lp,random_failure_fixed,Houston -> Atlanta & Atlanta -> Houston,3,New York,Los Angeles,1,5.4227509,New York | Washington DC | Atlanta | Houston | Los Angeles,New York->Washington DC | Washington DC->Atlanta | Atlanta->Houston | Houston->Los Angeles,1
32,abilene,13,1.0,uncertainty_aware_lstm_robust_lp,random_failure_fixed,Houston -> Atlanta & Atlanta -> Houston,4,New York,Houston,1,5.3088112,New York | Washington DC | Atlanta | Houston,New York->Washington DC | Washington DC->Atlanta | Atlanta->Houston,1
32,abilene,13,1.0,uncertainty_aware_lstm_robust_lp,random_failure_fixed,Houston -> Atlanta & Atlanta -> Houston,5,Los Angeles,Indianapolis,1,5.2667956,Los Angeles | Houston | Atlanta | Indianapolis,Los Angeles->Houston | Houston->Atlanta | Atlanta->Indianapolis,1
33,abilene,13,1.0,current_demand_lp,critical_failure_fixed,Kansas City -> Indianapolis & Indianapolis -> Kansas City,1,Chicago,Kansas City,1,3.6882518,Chicago | Indianapolis | Kansas City,Chicago->Indianapolis | Indianapolis->Kansas City,1
33,abilene,13,1.0,current_demand_lp,critical_failure_fixed,Kansas City -> Indianapolis & Indianapolis -> Kansas City,2,Kansas City,New York,1,3.6188605,Kansas City | Indianapolis | Chicago | New York,Kansas City->Indianapolis | Indianapolis->Chicago | Chicago->New York,1
33,abilene,13,1.0,current_demand_lp,critical_failure_fixed,Kansas City -> Indianapolis & Indianapolis -> Kansas City,3,Denver,Washington DC,1,3.5576791,Denver | Kansas City | Indianapolis | Atlanta | Washington DC,Denver->Kansas City | Kansas City->Indianapolis | Indianapolis->Atlanta | Atlanta->Washington DC,1
33,abilene,13,1.0,current_demand_lp,critical_failure_fixed,Kansas City -> Indianapolis & Indianapolis -> Kansas City,4,Kansas City,Indianapolis,1,3.5008329,Kansas City | Indianapolis,Kansas City->Indianapolis,1
33,abilene,13,1.0,current_demand_lp,critical_failure_fixed,Kansas City -> Indianapolis & Indianapolis -> Kansas City,5,Kansas City,Chicago,1,3.4876924,Kansas City | Indianapolis | Chicago,Kansas City->Indianapolis | Indianapolis->Chicago,1
33,abilene,13,1.0,current_demand_lp,random_failure_fixed,Houston -> Atlanta & Atlanta -> Houston,1,Washington DC,Seattle,1,4.1610377,Washington DC | Atlanta | Houston | Los Angeles | Sunnyvale | Seattle,Washington DC->Atlanta | Atlanta->Houston | Houston->Los Angeles | Los Angeles->Sunnyvale | Sunnyvale->Seattle,1
33,abilene,13,1.0,current_demand_lp,random_failure_fixed,Houston -> Atlanta & Atlanta -> Houston,2,Atlanta,Houston,1,4.0203969,Atlanta | Houston,Atlanta->Houston,1
33,abilene,13,1.0,current_demand_lp,random_failure_fixed,Houston -> Atlanta & Atlanta -> Houston,3,Los Angeles,Atlanta,1,3.7491727,Los Angeles | Houston | Atlanta,Los Angeles->Houston | Houston->Atlanta,1
33,abilene,13,1.0,current_demand_lp,random_failure_fixed,Houston -> Atlanta & Atlanta -> Houston,4,Washington DC,Denver,1,3.6272262,Washington DC | Atlanta | Houston | Kansas City | Denver,Washington DC->Atlanta | Atlanta->Houston | Houston->Kansas City | Kansas City->Denver,1
33,abilene,13,1.0,current_demand_lp,random_failure_fixed,Houston -> Atlanta & Atlanta -> Houston,5,New York,Houston,1,3.4642358,New York | Washington DC | Atlanta | Houston,New York->Washington DC | Washington DC->Atlanta | Atlanta->Houston,1
33,abilene,13,1.0,robust_current_demand_lp,critical_failure_fixed,Denver -> Kansas City & Kansas City -> Denver,1,Washington DC,Seattle,1,0.23268146,Washington DC | Atlanta | Houston | Los Angeles | Sunnyvale | Seattle,Washington DC->Atlanta | Atlanta->Houston | Houston->Los Angeles | Los Angeles->Sunnyvale | Sunnyvale->Seattle,0
33,abilene,13,1.0,robust_current_demand_lp,critical_failure_fixed,Denver -> Kansas City & Kansas City -> Denver,1,Washington DC,Seattle,2,3.9283562,Washington DC | Atlanta | Indianapolis | Kansas City | Denver | Seattle,Washington DC->Atlanta | Atlanta->Indianapolis | Indianapolis->Kansas City | Kansas City->Denver | Denver->Seattle,1
33,abilene,13,1.0,robust_current_demand_lp,critical_failure_fixed,Denver -> Kansas City & Kansas City -> Denver,2,Kansas City,Denver,1,3.9080349,Kansas City | Denver,Kansas City->Denver,1
33,abilene,13,1.0,robust_current_demand_lp,critical_failure_fixed,Denver -> Kansas City & Kansas City -> Denver,3,Washington DC,Denver,1,3.6272262,Washington DC | Atlanta | Indianapolis | Kansas City | Denver,Washington DC->Atlanta | Atlanta->Indianapolis | Indianapolis->Kansas City | Kansas City->Denver,1
33,abilene,13,1.0,robust_current_demand_lp,critical_failure_fixed,Denver -> Kansas City & Kansas City -> Denver,4,Sunnyvale,Kansas City,1,3.5989553,Sunnyvale | Denver | Kansas City,Sunnyvale->Denver | Denver->Kansas City,1
33,abilene,13,1.0,robust_current_demand_lp,critical_failure_fixed,Denver -> Kansas City & Kansas City -> Denver,5,Denver,Washington DC,1,3.5576791,Denver | Kansas City | Indianapolis | Atlanta | Washington DC,Denver->Kansas City | Kansas City->Indianapolis | Indianapolis->Atlanta | Atlanta->Washington DC,1
33,abilene,13,1.0,robust_current_demand_lp,random_failure_fixed,Houston -> Atlanta & Atlanta -> Houston,1,Atlanta,Houston,1,4.0203969,Atlanta | Houston,Atlanta->Houston,1
33,abilene,13,1.0,robust_current_demand_lp,random_failure_fixed,Houston -> Atlanta & Atlanta -> Houston,2,Los Angeles,Atlanta,1,3.7491727,Los Angeles | Houston | Atlanta,Los Angeles->Houston | Houston->Atlanta,1
33,abilene,13,1.0,robust_current_demand_lp,random_failure_fixed,Houston -> Atlanta & Atlanta -> Houston,3,New York,Houston,1,3.4642358,New York | Washington DC | Atlanta | Houston,New York->Washington DC | Washington DC->Atlanta | Atlanta->Houston,1
33,abilene,13,1.0,robust_current_demand_lp,random_failure_fixed,Houston -> Atlanta & Atlanta -> Houston,4,Houston,Washington DC,1,3.4637439,Houston | Atlanta | Washington DC,Houston->Atlanta | Atlanta->Washington DC,1
33,abilene,13,1.0,robust_current_demand_lp,random_failure_fixed,Houston -> Atlanta & Atlanta -> Houston,5,Los Angeles,Indianapolis,1,3.4626991,Los Angeles | Houston | Atlanta | Indianapolis,Los Angeles->Houston | Houston->Atlanta | Atlanta->Indianapolis,1
33,abilene,13,1.0,uncertainty_aware_lstm_robust_lp,critical_failure_fixed,Denver -> Kansas City & Kansas City -> Denver,1,Washington DC,Denver,1,5.5136995,Washington DC | Atlanta | Indianapolis | Kansas City | Denver,Washington DC->Atlanta | Atlanta->Indianapolis | Indianapolis->Kansas City | Kansas City->Denver,1
33,abilene,13,1.0,uncertainty_aware_lstm_robust_lp,critical_failure_fixed,Denver -> Kansas City & Kansas City -> Denver,2,Kansas City,Denver,1,5.4506392,Kansas City | Denver,Kansas City->Denver,1
33,abilene,13,1.0,uncertainty_aware_lstm_robust_lp,critical_failure_fixed,Denver -> Kansas City & Kansas City -> Denver,3,Sunnyvale,Kansas City,1,5.136343,Sunnyvale | Denver | Kansas City,Sunnyvale->Denver | Denver->Kansas City,1
33,abilene,13,1.0,uncertainty_aware_lstm_robust_lp,critical_failure_fixed,Denver -> Kansas City & Kansas City -> Denver,4,Chicago,Seattle,1,5.1354079,Chicago | Indianapolis | Kansas City | Denver | Seattle,Chicago->Indianapolis | Indianapolis->Kansas City | Kansas City->Denver | Denver->Seattle,1
33,abilene,13,1.0,uncertainty_aware_lstm_robust_lp,critical_failure_fixed,Denver -> Kansas City & Kansas City -> Denver,5,Denver,Washington DC,1,4.9636917,Denver | Kansas City | Indianapolis | Atlanta | Washington DC,Denver->Kansas City | Kansas City->Indianapolis | Indianapolis->Atlanta | Atlanta->Washington DC,1
33,abilene,13,1.0,uncertainty_aware_lstm_robust_lp,random_failure_fixed,Houston -> Atlanta & Atlanta -> Houston,1,Atlanta,Houston,1,5.5388989,Atlanta | Houston,Atlanta->Houston,1
33,abilene,13,1.0,uncertainty_aware_lstm_robust_lp,random_failure_fixed,Houston -> Atlanta & Atlanta -> Houston,2,Los Angeles,Atlanta,1,5.4880624,Los Angeles | Houston | Atlanta,Los Angeles->Houston | Houston->Atlanta,1
33,abilene,13,1.0,uncertainty_aware_lstm_robust_lp,random_failure_fixed,Houston -> Atlanta & Atlanta -> Houston,3,New York,Los Angeles,1,5.4227505,New York | Washington DC | Atlanta | Houston | Los Angeles,New York->Washington DC | Washington DC->Atlanta | Atlanta->Houston | Houston->Los Angeles,1
33,abilene,13,1.0,uncertainty_aware_lstm_robust_lp,random_failure_fixed,Houston -> Atlanta & Atlanta -> Houston,4,New York,Houston,1,5.3088112,New York | Washington DC | Atlanta | Houston,New York->Washington DC | Washington DC->Atlanta | Atlanta->Houston,1
33,abilene,13,1.0,uncertainty_aware_lstm_robust_lp,random_failure_fixed,Houston -> Atlanta & Atlanta -> Houston,5,Los Angeles,Indianapolis,1,5.2667956,Los Angeles | Houston | Atlanta | Indianapolis,Los Angeles->Houston | Houston->Atlanta | Atlanta->Indianapolis,1
34,abilene,13,1.0,current_demand_lp,critical_failure_fixed,Kansas City -> Indianapolis & Indianapolis -> Kansas City,1,Indianapolis,Seattle,1,3.757287,Indianapolis | Kansas City | Denver | Seattle,Indianapolis->Kansas City | Kansas City->Denver | Denver->Seattle,1
34,abilene,13,1.0,current_demand_lp,critical_failure_fixed,Kansas City -> Indianapolis & Indianapolis -> Kansas City,2,Indianapolis,Sunnyvale,1,3.6920716,Indianapolis | Kansas City | Denver | Sunnyvale,Indianapolis->Kansas City | Kansas City->Denver | Denver->Sunnyvale,1
34,abilene,13,1.0,current_demand_lp,critical_failure_fixed,Kansas City -> Indianapolis & Indianapolis -> Kansas City,3,Kansas City,Indianapolis,1,3.6155714,Kansas City | Indianapolis,Kansas City->Indianapolis,1
34,abilene,13,1.0,current_demand_lp,critical_failure_fixed,Kansas City -> Indianapolis & Indianapolis -> Kansas City,4,Houston,Chicago,1,3.4920899,Houston | Kansas City | Indianapolis | Chicago,Houston->Kansas City | Kansas City->Indianapolis | Indianapolis->Chicago,1
34,abilene,13,1.0,current_demand_lp,critical_failure_fixed,Kansas City -> Indianapolis & Indianapolis -> Kansas City,5,Kansas City,Chicago,1,3.4824106,Kansas City | Indianapolis | Chicago,Kansas City->Indianapolis | Indianapolis->Chicago,1
34,abilene,13,1.0,current_demand_lp,random_failure_fixed,New York -> Chicago & Chicago -> New York,1,Chicago,New York,1,3.4410799,Chicago | New York,Chicago->New York,1
34,abilene,13,1.0,current_demand_lp,random_failure_fixed,New York -> Chicago & Chicago -> New York,2,Kansas City,New York,1,3.3774372,Kansas City | Indianapolis | Chicago | New York,Kansas City->Indianapolis | Indianapolis->Chicago | Chicago->New York,1
34,abilene,13,1.0,current_demand_lp,random_failure_fixed,New York -> Chicago & Chicago -> New York,3,New York,Chicago,1,3.3683909,New York | Chicago,New York->Chicago,1
34,abilene,13,1.0,current_demand_lp,random_failure_fixed,New York -> Chicago & Chicago -> New York,4,Seattle,New York,1,3.2430531,Seattle | Denver | Kansas City | Indianapolis | Chicago | New York,Seattle->Denver | Denver->Kansas City | Kansas City->Indianapolis | Indianapolis->Chicago | Chicago->New York,1
34,abilene,13,1.0,current_demand_lp,random_failure_fixed,New York -> Chicago & Chicago -> New York,5,Denver,New York,1,3.1731644,Denver | Kansas City | Indianapolis | Chicago | New York,Denver->Kansas City | Kansas City->Indianapolis | Indianapolis->Chicago | Chicago->New York,1
34,abilene,13,1.0,robust_current_demand_lp,critical_failure_fixed,Denver -> Kansas City & Kansas City -> Denver,1,Sunnyvale,Kansas City,1,3.9460808,Sunnyvale | Denver | Kansas City,Sunnyvale->Denver | Denver->Kansas City,1
34,abilene,13,1.0,robust_current_demand_lp,critical_failure_fixed,Denver -> Kansas City & Kansas City -> Denver,2,Indianapolis,Seattle,1,3.757287,Indianapolis | Kansas City | Denver | Seattle,Indianapolis->Kansas City | Kansas City->Denver | Denver->Seattle,1
34,abilene,13,1.0,robust_current_demand_lp,critical_failure_fixed,Denver -> Kansas City & Kansas City -> Denver,3,Kansas City,Denver,1,3.7311161,Kansas City | Denver,Kansas City->Denver,1
34,abilene,13,1.0,robust_current_demand_lp,critical_failure_fixed,Denver -> Kansas City & Kansas City -> Denver,4,Houston,Denver,1,3.7101189,Houston | Kansas City | Denver,Houston->Kansas City | Kansas City->Denver,1
34,abilene,13,1.0,robust_current_demand_lp,critical_failure_fixed,Denver -> Kansas City & Kansas City -> Denver,5,Indianapolis,Sunnyvale,1,3.6920716,Indianapolis | Kansas City | Denver | Sunnyvale,Indianapolis->Kansas City | Kansas City->Denver | Denver->Sunnyvale,1
34,abilene,13,1.0,robust_current_demand_lp,random_failure_fixed,New York -> Chicago & Chicago -> New York,1,Chicago,New York,1,3.4410799,Chicago | New York,Chicago->New York,1
34,abilene,13,1.0,robust_current_demand_lp,random_failure_fixed,New York -> Chicago & Chicago -> New York,2,Kansas City,New York,1,3.3774372,Kansas City | Indianapolis | Chicago | New York,Kansas City->Indianapolis | Indianapolis->Chicago | Chicago->New York,1
34,abilene,13,1.0,robust_current_demand_lp,random_failure_fixed,New York -> Chicago & Chicago -> New York,3,New York,Chicago,1,3.3683909,New York | Chicago,New York->Chicago,1
34,abilene,13,1.0,robust_current_demand_lp,random_failure_fixed,New York -> Chicago & Chicago -> New York,4,Seattle,New York,1,3.2430531,Seattle | Denver | Kansas City | Indianapolis | Chicago | New York,Seattle->Denver | Denver->Kansas City | Kansas City->Indianapolis | Indianapolis->Chicago | Chicago->New York,1
34,abilene,13,1.0,robust_current_demand_lp,random_failure_fixed,New York -> Chicago & Chicago -> New York,5,Denver,New York,1,3.1731644,Denver | Kansas City | Indianapolis | Chicago | New York,Denver->Kansas City | Kansas City->Indianapolis | Indianapolis->Chicago | Chicago->New York,1
34,abilene,13,1.0,uncertainty_aware_lstm_robust_lp,critical_failure_fixed,Denver -> Kansas City & Kansas City -> Denver,1,Washington DC,Denver,1,5.5136995,Washington DC | Atlanta | Indianapolis | Kansas City | Denver,Washington DC->Atlanta | Atlanta->Indianapolis | Indianapolis->Kansas City | Kansas City->Denver,1
34,abilene,13,1.0,uncertainty_aware_lstm_robust_lp,critical_failure_fixed,Denver -> Kansas City & Kansas City -> Denver,2,Kansas City,Denver,1,5.4506392,Kansas City | Denver,Kansas City->Denver,1
34,abilene,13,1.0,uncertainty_aware_lstm_robust_lp,critical_failure_fixed,Denver -> Kansas City & Kansas City -> Denver,3,Sunnyvale,Kansas City,1,5.136343,Sunnyvale | Denver | Kansas City,Sunnyvale->Denver | Denver->Kansas City,1
34,abilene,13,1.0,uncertainty_aware_lstm_robust_lp,critical_failure_fixed,Denver -> Kansas City & Kansas City -> Denver,4,Chicago,Seattle,1,5.1354079,Chicago | Indianapolis | Kansas City | Denver | Seattle,Chicago->Indianapolis | Indianapolis->Kansas City | Kansas City->Denver | Denver->Seattle,1
34,abilene,13,1.0,uncertainty_aware_lstm_robust_lp,critical_failure_fixed,Denver -> Kansas City & Kansas City -> Denver,5,Denver,Washington DC,1,4.9636917,Denver | Kansas City | Indianapolis | Atlanta | Washington DC,Denver->Kansas City | Kansas City->Indianapolis | Indianapolis->Atlanta | Atlanta->Washington DC,1
34,abilene,13,1.0,uncertainty_aware_lstm_robust_lp,random_failure_fixed,New York -> Chicago & Chicago -> New York,1,New York,Chicago,1,5.0722389,New York | Chicago,New York->Chicago,1
34,abilene,13,1.0,uncertainty_aware_lstm_robust_lp,random_failure_fixed,New York -> Chicago & Chicago -> New York,2,Kansas City,New York,1,5.0610857,Kansas City | Indianapolis | Chicago | New York,Kansas City->Indianapolis | Indianapolis->Chicago | Chicago->New York,1
34,abilene,13,1.0,uncertainty_aware_lstm_robust_lp,random_failure_fixed,New York -> Chicago & Chicago -> New York,3,Chicago,New York,1,4.8926382,Chicago | New York,Chicago->New York,1
34,abilene,13,1.0,uncertainty_aware_lstm_robust_lp,random_failure_fixed,New York -> Chicago & Chicago -> New York,4,Denver,New York,1,4.4406018,Denver | Kansas City | Indianapolis | Chicago | New York,Denver->Kansas City | Kansas City->Indianapolis | Indianapolis->Chicago | Chicago->New York,1
34,abilene,13,1.0,uncertainty_aware_lstm_robust_lp,random_failure_fixed,New York -> Chicago & Chicago -> New York,5,New York,Denver,1,4.4398766,New York | Chicago | Indianapolis | Kansas City | Denver,New York->Chicago | Chicago->Indianapolis | Indianapolis->Kansas City | Kansas City->Denver,1
