topology,load_scale,Current-Demand LP,Robust LP,Uncertainty-Aware Robust LP,Linear AR,Moving Average,LSTM
abilene,0.8,0.819,0.819,0.7986,0.7963,0.8346,0.7591
abilene,1.0,1.0232,1.0232,0.9999,0.9949,1.0425,0.9519
abilene,1.2,1.2275,1.2275,1.2011,1.1934,1.2504,1.1444
nsfnet,0.8,0.9009,0.9009,0.8813,0.8893,0.9154,0.8392
nsfnet,1.0,1.1255,1.1255,1.0976,1.1108,1.1443,1.0465
nsfnet,1.2,1.3502,1.3502,1.3118,1.3323,1.3733,1.2514
sample,0.8,0.3288,0.3288,0.3257,0.3232,0.3329,0.3158
sample,1.0,0.4103,0.4103,0.3939,0.4032,0.4161,0.3799
sample,1.2,0.4918,0.4918,0.4736,0.4835,0.4993,0.4573
