time_step,topology,seed,load_scale,method,scenario,failed_link,commodity_rank,source,destination,disrupted_amount,demand_value,commodity_disruption_ratio
22,abilene,7,1.0,moving_average,critical_failure_fixed,Denver -> Kansas City & Kansas City -> Denver,1,Denver,Washington DC,5.1689096,5.168909593277322,1.000000001300599
22,abilene,7,1.0,moving_average,critical_failure_fixed,Denver -> Kansas City & Kansas City -> Denver,2,Denver,Indianapolis,5.069745,5.069744982027157,1.0000000035451178
22,abilene,7,1.0,moving_average,critical_failure_fixed,Denver -> Kansas City & Kansas City -> Denver,3,Kansas City,Sunnyvale,4.9406413,4.940641320280343,0.9999999958952004
22,abilene,7,1.0,moving_average,critical_failure_fixed,Denver -> Kansas City & Kansas City -> Denver,4,Indianapolis,Seattle,4.9323459,4.932345897296082,1.0000000005482013
22,abilene,7,1.0,moving_average,critical_failure_fixed,Denver -> Kansas City & Kansas City -> Denver,5,Seattle,Houston,4.9076468,4.9076467915629784,1.0000000017191584
22,abilene,7,1.0,moving_average,random_failure_fixed,Kansas City -> Houston & Houston -> Kansas City,1,Seattle,Houston,4.9076468,4.9076467915629784,1.0000000017191584
22,abilene,7,1.0,moving_average,random_failure_fixed,Kansas City -> Houston & Houston -> Kansas City,2,Houston,Seattle,4.8440741,4.844074129900275,0.999999993827453
22,abilene,7,1.0,moving_average,random_failure_fixed,Kansas City -> Houston & Houston -> Kansas City,3,Denver,Atlanta,4.8246362,4.824636202195621,0.9999999995449146
22,abilene,7,1.0,moving_average,random_failure_fixed,Kansas City -> Houston & Houston -> Kansas City,4,Houston,Kansas City,4.4048097,4.404809723315355,0.9999999947068418
22,abilene,7,1.0,moving_average,random_failure_fixed,Kansas City -> Houston & Houston -> Kansas City,5,Kansas City,Houston,4.0152931,4.015293099530431,1.0000000001169451
22,abilene,7,1.0,linear_autoregressive,critical_failure_fixed,Denver -> Kansas City & Kansas City -> Denver,1,Denver,Washington DC,5.1613963,5.161396295604297,1.0000000008516499
22,abilene,7,1.0,linear_autoregressive,critical_failure_fixed,Denver -> Kansas City & Kansas City -> Denver,2,Denver,Indianapolis,4.9709562,4.970956191742221,1.0000000016612052
22,abilene,7,1.0,linear_autoregressive,critical_failure_fixed,Denver -> Kansas City & Kansas City -> Denver,3,Indianapolis,Seattle,4.9656045,4.965604467800464,1.000000006484515
22,abilene,7,1.0,linear_autoregressive,critical_failure_fixed,Denver -> Kansas City & Kansas City -> Denver,4,Kansas City,Sunnyvale,4.9067927,4.906792699061593,1.0000000001912464
22,abilene,7,1.0,linear_autoregressive,critical_failure_fixed,Denver -> Kansas City & Kansas City -> Denver,5,Seattle,Indianapolis,4.8956015,4.895601496728483,1.0000000006682563
22,abilene,7,1.0,linear_autoregressive,random_failure_fixed,Kansas City -> Houston & Houston -> Kansas City,1,Seattle,Houston,4.8853397,4.885339665028352,1.0000000071584887
22,abilene,7,1.0,linear_autoregressive,random_failure_fixed,Kansas City -> Houston & Houston -> Kansas City,2,Houston,Seattle,4.6163123,4.616312311738048,0.9999999974572674
22,abilene,7,1.0,linear_autoregressive,random_failure_fixed,Kansas City -> Houston & Houston -> Kansas City,3,Denver,Atlanta,4.4034088,4.403408753601689,1.0000000105369076
22,abilene,7,1.0,linear_autoregressive,random_failure_fixed,Kansas City -> Houston & Houston -> Kansas City,4,Houston,Kansas City,4.3809785,4.380978480725409,1.000000004399609
22,abilene,7,1.0,linear_autoregressive,random_failure_fixed,Kansas City -> Houston & Houston -> Kansas City,5,Washington DC,Denver,4.160282,4.160282045791645,0.9999999889931392
22,abilene,7,1.0,lstm,critical_failure_fixed,Kansas City -> Indianapolis & Indianapolis -> Kansas City,1,Chicago,Los Angeles,5.1472535,5.147253513336182,0.9999999974090684
22,abilene,7,1.0,lstm,critical_failure_fixed,Kansas City -> Indianapolis & Indianapolis -> Kansas City,2,Denver,Washington DC,5.019196,5.019196033477783,0.9999999933300506
22,abilene,7,1.0,lstm,critical_failure_fixed,Kansas City -> Indianapolis & Indianapolis -> Kansas City,3,Denver,Indianapolis,4.911345,4.9113450050354,0.999999998974741
22,abilene,7,1.0,lstm,critical_failure_fixed,Kansas City -> Indianapolis & Indianapolis -> Kansas City,4,Indianapolis,Seattle,4.8860321,4.8860321044921875,0.9999999990806063
22,abilene,7,1.0,lstm,critical_failure_fixed,Kansas City -> Indianapolis & Indianapolis -> Kansas City,5,Kansas City,New York,4.7997184,4.799718379974365,1.0000000041722519
22,abilene,7,1.0,lstm,random_failure_fixed,Kansas City -> Houston & Houston -> Kansas City,1,Seattle,Houston,4.7850423,4.7850422859191895,1.000000002942672
22,abilene,7,1.0,lstm,random_failure_fixed,Kansas City -> Houston & Houston -> Kansas City,2,Houston,Seattle,4.6931853,4.693185329437256,0.9999999937276596
22,abilene,7,1.0,lstm,random_failure_fixed,Kansas City -> Houston & Houston -> Kansas City,3,Houston,Kansas City,4.4114165,4.411416530609131,0.9999999930613827
22,abilene,7,1.0,lstm,random_failure_fixed,Kansas City -> Houston & Houston -> Kansas City,4,Los Angeles,Kansas City,4.0815454,4.081545352935791,1.000000011530978
22,abilene,7,1.0,lstm,random_failure_fixed,Kansas City -> Houston & Houston -> Kansas City,5,Washington DC,Denver,3.9659815,3.9659814834594727,1.0000000041706012
22,abilene,7,1.0,transformer,critical_failure_fixed,Kansas City -> Indianapolis & Indianapolis -> Kansas City,1,Chicago,Los Angeles,5.2377739,5.237773895263672,1.0000000009042636
22,abilene,7,1.0,transformer,critical_failure_fixed,Kansas City -> Indianapolis & Indianapolis -> Kansas City,2,Denver,Washington DC,5.1894126,5.189412593841553,1.000000001186733
22,abilene,7,1.0,transformer,critical_failure_fixed,Kansas City -> Indianapolis & Indianapolis -> Kansas City,3,Denver,Indianapolis,5.0583043,5.058304309844971,0.9999999980537013
22,abilene,7,1.0,transformer,critical_failure_fixed,Kansas City -> Indianapolis & Indianapolis -> Kansas City,4,Indianapolis,Seattle,5.0135717,5.013571739196777,0.9999999921818656
22,abilene,7,1.0,transformer,critical_failure_fixed,Kansas City -> Indianapolis & Indianapolis -> Kansas City,5,Kansas City,New York,4.9422965,4.942296504974365,0.9999999989935114
22,abilene,7,1.0,transformer,random_failure_fixed,Kansas City -> Houston & Houston -> Kansas City,1,Seattle,Houston,4.9201536,4.920153617858887,0.9999999963702583
22,abilene,7,1.0,transformer,random_failure_fixed,Kansas City -> Houston & Houston -> Kansas City,2,Houston,Seattle,4.8278837,4.827883720397949,0.9999999957749709
22,abilene,7,1.0,transformer,random_failure_fixed,Kansas City -> Houston & Houston -> Kansas City,3,Houston,Kansas City,4.5779572,4.5779571533203125,1.0000000101966195
22,abilene,7,1.0,transformer,random_failure_fixed,Kansas City -> Houston & Houston -> Kansas City,4,Los Angeles,Kansas City,4.1607575,4.160757541656494,0.9999999899882428
22,abilene,7,1.0,transformer,random_failure_fixed,Kansas City -> Houston & Houston -> Kansas City,5,Kansas City,Houston,4.0491152,4.049115180969238,1.0000000046999804
23,abilene,7,1.0,moving_average,critical_failure_fixed,Denver -> Kansas City & Kansas City -> Denver,1,Denver,Washington DC,5.1659485,5.165948482496153,1.0000000033883123
23,abilene,7,1.0,moving_average,critical_failure_fixed,Denver -> Kansas City & Kansas City -> Denver,2,Denver,Indianapolis,4.9515092,4.951509227513415,0.9999999944434286
23,abilene,7,1.0,moving_average,critical_failure_fixed,Denver -> Kansas City & Kansas City -> Denver,3,Kansas City,Sunnyvale,4.8994435,4.899443519895487,0.9999999959392354
23,abilene,7,1.0,moving_average,critical_failure_fixed,Denver -> Kansas City & Kansas City -> Denver,4,Seattle,Houston,4.8159665,4.815966538496369,0.9999999920065125
23,abilene,7,1.0,moving_average,critical_failure_fixed,Denver -> Kansas City & Kansas City -> Denver,5,Indianapolis,Seattle,4.8126105,4.81261053669382,0.9999999923754852
23,abilene,7,1.0,moving_average,random_failure_fixed,New York -> Chicago & Chicago -> New York,1,New York,Chicago,4.8315922,4.831592162009616,1.000000007862912
23,abilene,7,1.0,moving_average,random_failure_fixed,New York -> Chicago & Chicago -> New York,2,Kansas City,New York,4.668876,4.668876025685274,0.9999999944986172
23,abilene,7,1.0,moving_average,random_failure_fixed,New York -> Chicago & Chicago -> New York,3,New York,Kansas City,4.4377392,4.43773917548885,1.0000000055233418
23,abilene,7,1.0,moving_average,random_failure_fixed,New York -> Chicago & Chicago -> New York,4,Indianapolis,New York,4.3858242,4.385824217320041,0.9999999960509041
23,abilene,7,1.0,moving_average,random_failure_fixed,New York -> Chicago & Chicago -> New York,5,Chicago,Washington DC,3.3333242,3.3333241840519503,1.000000004784428
23,abilene,7,1.0,linear_autoregressive,critical_failure_fixed,Denver -> Kansas City & Kansas City -> Denver,1,Denver,Washington DC,4.8672627,4.867262666309857,1.0000000069217845
23,abilene,7,1.0,linear_autoregressive,critical_failure_fixed,Denver -> Kansas City & Kansas City -> Denver,2,Denver,Indianapolis,4.8135167,4.813516657716936,1.0000000087842356
23,abilene,7,1.0,linear_autoregressive,critical_failure_fixed,Denver -> Kansas City & Kansas City -> Denver,3,Seattle,Indianapolis,4.7368375,4.736837538282389,0.9999999919181546
23,abilene,7,1.0,linear_autoregressive,critical_failure_fixed,Denver -> Kansas City & Kansas City -> Denver,4,Denver,Atlanta,4.6991361,4.6991360790649725,1.00000000445508
23,abilene,7,1.0,linear_autoregressive,critical_failure_fixed,Denver -> Kansas City & Kansas City -> Denver,5,Houston,Seattle,4.6867676,4.686767621940517,0.9999999953186248
23,abilene,7,1.0,linear_autoregressive,random_failure_fixed,New York -> Chicago & Chicago -> New York,1,New York,Chicago,4.6849125,4.68491252858095,0.9999999938993631
23,abilene,7,1.0,linear_autoregressive,random_failure_fixed,New York -> Chicago & Chicago -> New York,2,Kansas City,New York,4.6022151,4.602215096929672,1.0000000006671415
23,abilene,7,1.0,linear_autoregressive,random_failure_fixed,New York -> Chicago & Chicago -> New York,3,New York,Kansas City,4.4593382,4.459338226941636,0.9999999939583781
23,abilene,7,1.0,linear_autoregressive,random_failure_fixed,New York -> Chicago & Chicago -> New York,4,Indianapolis,New York,4.3060741,4.30607407723263,1.0000000052872686
23,abilene,7,1.0,linear_autoregressive,random_failure_fixed,New York -> Chicago & Chicago -> New York,5,Denver,New York,3.4249092,3.424909168718809,1.0000000091334367
23,abilene,7,1.0,lstm,critical_failure_fixed,Kansas City -> Indianapolis & Indianapolis -> Kansas City,1,Chicago,Los Angeles,5.1472549,5.147254943847656,0.9999999914813514
23,abilene,7,1.0,lstm,critical_failure_fixed,Kansas City -> Indianapolis & Indianapolis -> Kansas City,2,Denver,Washington DC,5.0191941,5.01919412612915,0.9999999947941542
23,abilene,7,1.0,lstm,critical_failure_fixed,Kansas City -> Indianapolis & Indianapolis -> Kansas City,3,Denver,Indianapolis,4.9113336,4.9113335609436035,1.0000000079522997
23,abilene,7,1.0,lstm,critical_failure_fixed,Kansas City -> Indianapolis & Indianapolis -> Kansas City,4,Indianapolis,Seattle,4.8860183,4.8860182762146,1.000000004868054
23,abilene,7,1.0,lstm,critical_failure_fixed,Kansas City -> Indianapolis & Indianapolis -> Kansas City,5,Kansas City,New York,4.7997169,4.799716949462891,0.9999999896946234
23,abilene,7,1.0,lstm,random_failure_fixed,New York -> Chicago & Chicago -> New York,1,Kansas City,New York,4.7997169,4.799716949462891,0.9999999896946234
23,abilene,7,1.0,lstm,random_failure_fixed,New York -> Chicago & Chicago -> New York,2,New York,Chicago,4.7067904,4.706790447235107,0.9999999899644763
23,abilene,7,1.0,lstm,random_failure_fixed,New York -> Chicago & Chicago -> New York,3,Indianapolis,New York,4.4754715,4.475471496582031,1.0000000007637115
23,abilene,7,1.0,lstm,random_failure_fixed,New York -> Chicago & Chicago -> New York,4,New York,Kansas City,4.3634024,4.363402366638184,1.0000000076458262
23,abilene,7,1.0,lstm,random_failure_fixed,New York -> Chicago & Chicago -> New York,5,Chicago,Washington DC,3.4215255,3.421525478363037,1.0000000063237766
23,abilene,7,1.0,transformer,critical_failure_fixed,Denver -> Kansas City & Kansas City -> Denver,1,Denver,Washington DC,5.2921934,5.292193412780762,0.9999999975849784
23,abilene,7,1.0,transformer,critical_failure_fixed,Denver -> Kansas City & Kansas City -> Denver,2,Kansas City,Sunnyvale,5.2723374,5.272337436676025,0.9999999930436877
23,abilene,7,1.0,transformer,critical_failure_fixed,Denver -> Kansas City & Kansas City -> Denver,3,Denver,Indianapolis,5.2007256,5.200725555419922,1.0000000085718959
23,abilene,7,1.0,transformer,critical_failure_fixed,Denver -> Kansas City & Kansas City -> Denver,4,Indianapolis,Seattle,5.1391253,5.139125347137451,0.9999999908277288
23,abilene,7,1.0,transformer,critical_failure_fixed,Denver -> Kansas City & Kansas City -> Denver,5,Seattle,Houston,5.0165133,5.016513347625732,0.9999999905062084
23,abilene,7,1.0,transformer,random_failure_fixed,New York -> Chicago & Chicago -> New York,1,Kansas City,New York,5.0531011,5.053101062774658,1.0000000073668311
23,abilene,7,1.0,transformer,random_failure_fixed,New York -> Chicago & Chicago -> New York,2,New York,Chicago,4.9443793,4.9443793296813965,0.9999999939969418
23,abilene,7,1.0,transformer,random_failure_fixed,New York -> Chicago & Chicago -> New York,3,Indianapolis,New York,4.7421527,4.742152690887451,1.000000001921606
23,abilene,7,1.0,transformer,random_failure_fixed,New York -> Chicago & Chicago -> New York,4,New York,Kansas City,4.5546203,4.554620265960693,1.0000000074735773
23,abilene,7,1.0,transformer,random_failure_fixed,New York -> Chicago & Chicago -> New York,5,Chicago,Washington DC,3.6524642,3.6524641513824463,1.0000000133108913
24,abilene,7,1.0,moving_average,critical_failure_fixed,Denver -> Kansas City & Kansas City -> Denver,1,Denver,Washington DC,5.3018993,5.301899338711187,0.999999992698619
24,abilene,7,1.0,moving_average,critical_failure_fixed,Denver -> Kansas City & Kansas City -> Denver,2,Kansas City,Sunnyvale,5.0704571,5.070457094213116,1.0000000011412944
24,abilene,7,1.0,moving_average,critical_failure_fixed,Denver -> Kansas City & Kansas City -> Denver,3,Denver,Indianapolis,5.0414377,5.041437738812852,0.9999999923012336
24,abilene,7,1.0,moving_average,critical_failure_fixed,Denver -> Kansas City & Kansas City -> Denver,4,Indianapolis,Seattle,4.9823496,4.982349578504107,1.0000000043144088
24,abilene,7,1.0,moving_average,critical_failure_fixed,Denver -> Kansas City & Kansas City -> Denver,5,Seattle,Houston,4.9273224,4.927322407582836,0.9999999984610636
24,abilene,7,1.0,moving_average,random_failure_fixed,Seattle -> Denver & Denver -> Seattle,1,Indianapolis,Seattle,4.9823496,4.982349578504107,1.0000000043144088
24,abilene,7,1.0,moving_average,random_failure_fixed,Seattle -> Denver & Denver -> Seattle,2,Seattle,Houston,4.9273224,4.927322407582836,0.9999999984610636
24,abilene,7,1.0,moving_average,random_failure_fixed,Seattle -> Denver & Denver -> Seattle,3,Houston,Seattle,4.8852187,4.885218685627892,1.000000002941958
24,abilene,7,1.0,moving_average,random_failure_fixed,Seattle -> Denver & Denver -> Seattle,4,Seattle,Indianapolis,4.7908867,4.7908866859342725,1.000000002935934
24,abilene,7,1.0,moving_average,random_failure_fixed,Seattle -> Denver & Denver -> Seattle,5,Seattle,Chicago,4.5270472,4.527047193461514,1.000000001444316
24,abilene,7,1.0,linear_autoregressive,critical_failure_fixed,Kansas City -> Indianapolis & Indianapolis -> Kansas City,1,Denver,Washington DC,6.3002181,6.300218113662133,0.9999999978314825
24,abilene,7,1.0,linear_autoregressive,critical_failure_fixed,Kansas City -> Indianapolis & Indianapolis -> Kansas City,2,Chicago,Los Angeles,6.28827,6.288270023767563,0.9999999962203335
24,abilene,7,1.0,linear_autoregressive,critical_failure_fixed,Kansas City -> Indianapolis & Indianapolis -> Kansas City,3,Indianapolis,Seattle,6.1099286,6.109928570089192,1.0000000048954432
24,abilene,7,1.0,linear_autoregressive,critical_failure_fixed,Kansas City -> Indianapolis & Indianapolis -> Kansas City,4,Denver,Indianapolis,6.0083486,6.008348585694983,1.0000000023808566
24,abilene,7,1.0,linear_autoregressive,critical_failure_fixed,Kansas City -> Indianapolis & Indianapolis -> Kansas City,5,Kansas City,New York,5.8284392,5.828439185115053,1.0000000025538478
24,abilene,7,1.0,linear_autoregressive,random_failure_fixed,Seattle -> Denver & Denver -> Seattle,1,Indianapolis,Seattle,6.1099286,6.109928570089192,1.0000000048954432
24,abilene,7,1.0,linear_autoregressive,random_failure_fixed,Seattle -> Denver & Denver -> Seattle,2,Houston,Seattle,5.9511351,5.9511351141371716,0.999999997624458
24,abilene,7,1.0,linear_autoregressive,random_failure_fixed,Seattle -> Denver & Denver -> Seattle,3,Seattle,Houston,5.8648699,5.864869912719247,0.9999999978312824
24,abilene,7,1.0,linear_autoregressive,random_failure_fixed,Seattle -> Denver & Denver -> Seattle,4,Seattle,Indianapolis,5.7194237,5.719423744408567,0.9999999922354823
24,abilene,7,1.0,linear_autoregressive,random_failure_fixed,Seattle -> Denver & Denver -> Seattle,5,Seattle,Chicago,5.1504353,5.150435307645174,0.9999999985156256
24,abilene,7,1.0,lstm,critical_failure_fixed,Kansas City -> Indianapolis & Indianapolis -> Kansas City,1,Chicago,Los Angeles,5.1472559,5.147255897521973,1.000000000481427
24,abilene,7,1.0,lstm,critical_failure_fixed,Kansas City -> Indianapolis & Indianapolis -> Kansas City,2,Denver,Washington DC,5.0191936,5.019193649291992,0.9999999901793006
24,abilene,7,1.0,lstm,critical_failure_fixed,Kansas City -> Indianapolis & Indianapolis -> Kansas City,3,Denver,Indianapolis,4.9113297,4.911329746246338,0.999999990583744
24,abilene,7,1.0,lstm,critical_failure_fixed,Kansas City -> Indianapolis & Indianapolis -> Kansas City,4,Indianapolis,Seattle,4.8860135,4.886013507843018,0.9999999983948022
24,abilene,7,1.0,lstm,critical_failure_fixed,Kansas City -> Indianapolis & Indianapolis -> Kansas City,5,Kansas City,New York,4.7997165,4.799716472625732,1.0000000057033092
24,abilene,7,1.0,lstm,random_failure_fixed,Seattle -> Denver & Denver -> Seattle,1,Indianapolis,Seattle,4.8860135,4.886013507843018,0.9999999983948022
24,abilene,7,1.0,lstm,random_failure_fixed,Seattle -> Denver & Denver -> Seattle,2,Seattle,Houston,4.7850223,4.785022258758545,1.0000000086188636
24,abilene,7,1.0,lstm,random_failure_fixed,Seattle -> Denver & Denver -> Seattle,3,Houston,Seattle,4.6931767,4.693176746368408,0.999999990120038
24,abilene,7,1.0,lstm,random_failure_fixed,Seattle -> Denver & Denver -> Seattle,4,Seattle,Indianapolis,4.6921272,4.692127227783203,0.9999999940787617
24,abilene,7,1.0,lstm,random_failure_fixed,Seattle -> Denver & Denver -> Seattle,5,Seattle,Chicago,4.2550712,4.25507116317749,1.0000000086537941
24,abilene,7,1.0,transformer,critical_failure_fixed,Kansas City -> Indianapolis & Indianapolis -> Kansas City,1,Chicago,Los Angeles,5.7744527,5.7744526863098145,1.0000000023708195
24,abilene,7,1.0,transformer,critical_failure_fixed,Kansas City -> Indianapolis & Indianapolis -> Kansas City,2,Denver,Indianapolis,5.6393566,5.63935661315918,0.9999999976665459
24,abilene,7,1.0,transformer,critical_failure_fixed,Kansas City -> Indianapolis & Indianapolis -> Kansas City,3,Denver,Washington DC,5.6049051,5.604905128479004,0.9999999949189141
24,abilene,7,1.0,transformer,critical_failure_fixed,Kansas City -> Indianapolis & Indianapolis -> Kansas City,4,Indianapolis,Seattle,5.4790459,5.479045867919922,1.0000000058550482
24,abilene,7,1.0,transformer,critical_failure_fixed,Kansas City -> Indianapolis & Indianapolis -> Kansas City,5,Kansas City,New York,5.4005094,5.400509357452393,1.0000000078784435
24,abilene,7,1.0,transformer,random_failure_fixed,Seattle -> Denver & Denver -> Seattle,1,Indianapolis,Seattle,5.4790459,5.479045867919922,1.0000000058550482
24,abilene,7,1.0,transformer,random_failure_fixed,Seattle -> Denver & Denver -> Seattle,2,Seattle,Houston,5.3887501,5.388750076293945,1.000000004399175
24,abilene,7,1.0,transformer,random_failure_fixed,Seattle -> Denver & Denver -> Seattle,3,Seattle,Indianapolis,5.383574,5.38357400894165,0.9999999983390866
24,abilene,7,1.0,transformer,random_failure_fixed,Seattle -> Denver & Denver -> Seattle,4,Houston,Seattle,5.2921343,5.2921342849731445,1.0000000028394698
24,abilene,7,1.0,transformer,random_failure_fixed,Seattle -> Denver & Denver -> Seattle,5,Seattle,Chicago,4.8064294,4.806429386138916,1.000000002883863
25,abilene,7,1.0,moving_average,critical_failure_fixed,Denver -> Kansas City & Kansas City -> Denver,1,Denver,Washington DC,5.6994774,5.699477440520613,0.9999999928904688
25,abilene,7,1.0,moving_average,critical_failure_fixed,Denver -> Kansas City & Kansas City -> Denver,2,Indianapolis,Seattle,5.4208006,5.420800592844535,1.0000000013200014
25,abilene,7,1.0,moving_average,critical_failure_fixed,Denver -> Kansas City & Kansas City -> Denver,3,Kansas City,Sunnyvale,5.4187838,5.418783762832093,1.0000000068590866
25,abilene,7,1.0,moving_average,critical_failure_fixed,Denver -> Kansas City & Kansas City -> Denver,4,Denver,Indianapolis,5.3709621,5.370962137728209,0.9999999929755213
25,abilene,7,1.0,moving_average,critical_failure_fixed,Denver -> Kansas City & Kansas City -> Denver,5,Seattle,Houston,5.2691622,5.269162219295463,0.9999999963380397
25,abilene,7,1.0,moving_average,random_failure_fixed,Sunnyvale -> Denver & Denver -> Sunnyvale,1,Kansas City,Sunnyvale,5.4187838,5.418783762832093,1.0000000068590866
25,abilene,7,1.0,moving_average,random_failure_fixed,Sunnyvale -> Denver & Denver -> Sunnyvale,2,Sunnyvale,Chicago,4.7478475,4.747847539642909,0.9999999916503407
25,abilene,7,1.0,moving_average,random_failure_fixed,Sunnyvale -> Denver & Denver -> Sunnyvale,3,Los Angeles,Denver,4.5748657,4.574865732029008,0.9999999929989185
25,abilene,7,1.0,moving_average,random_failure_fixed,Sunnyvale -> Denver & Denver -> Sunnyvale,4,Denver,Sunnyvale,4.4202025,4.420202516123569,0.9999999963523009
25,abilene,7,1.0,moving_average,random_failure_fixed,Sunnyvale -> Denver & Denver -> Sunnyvale,5,Sunnyvale,Kansas City,4.2980405,4.298040476831959,1.0000000053903728
25,abilene,7,1.0,linear_autoregressive,critical_failure_fixed,Denver -> Kansas City & Kansas City -> Denver,1,Denver,Indianapolis,7.024896,7.024895989996907,1.000000001423949
25,abilene,7,1.0,linear_autoregressive,critical_failure_fixed,Denver -> Kansas City & Kansas City -> Denver,2,Denver,Washington DC,6.9961426,6.996142581661646,1.0000000026212092
25,abilene,7,1.0,linear_autoregressive,critical_failure_fixed,Denver -> Kansas City & Kansas City -> Denver,3,Indianapolis,Seattle,6.8424186,6.842418635858918,0.9999999947593213
25,abilene,7,1.0,linear_autoregressive,critical_failure_fixed,Denver -> Kansas City & Kansas City -> Denver,4,Kansas City,Sunnyvale,6.7401474,6.740147373894435,1.0000000038731445
25,abilene,7,1.0,linear_autoregressive,critical_failure_fixed,Denver -> Kansas City & Kansas City -> Denver,5,Seattle,Houston,6.7004109,6.700410889252119,1.0000000016040629
25,abilene,7,1.0,linear_autoregressive,random_failure_fixed,Sunnyvale -> Denver & Denver -> Sunnyvale,1,Kansas City,Sunnyvale,6.7401474,6.740147373894435,1.0000000038731445
25,abilene,7,1.0,linear_autoregressive,random_failure_fixed,Sunnyvale -> Denver & Denver -> Sunnyvale,2,Chicago,Sunnyvale,6.3462458,6.346245847565689,0.9999999925049091
25,abilene,7,1.0,linear_autoregressive,random_failure_fixed,Sunnyvale -> Denver & Denver -> Sunnyvale,3,Sunnyvale,Chicago,6.1663923,6.166392264314072,1.0000000057871647
25,abilene,7,1.0,linear_autoregressive,random_failure_fixed,Sunnyvale -> Denver & Denver -> Sunnyvale,4,Denver,Sunnyvale,5.8083143,5.80831433869955,0.9999999933372149
25,abilene,7,1.0,linear_autoregressive,random_failure_fixed,Sunnyvale -> Denver & Denver -> Sunnyvale,5,Los Angeles,Denver,5.8028603,5.802860272780519,1.0000000046907007
25,abilene,7,1.0,lstm,critical_failure_fixed,Kansas City -> Indianapolis & Indianapolis -> Kansas City,1,Chicago,Los Angeles,5.1472559,5.147255897521973,1.000000000481427
25,abilene,7,1.0,lstm,critical_failure_fixed,Kansas City -> Indianapolis & Indianapolis -> Kansas City,2,Denver,Washington DC,5.0191932,5.019193172454834,1.000000005487967
25,abilene,7,1.0,lstm,critical_failure_fixed,Kansas City -> Indianapolis & Indianapolis -> Kansas City,3,Denver,Indianapolis,4.9113288,4.9113287925720215,1.0000000015124173
25,abilene,7,1.0,lstm,critical_failure_fixed,Kansas City -> Indianapolis & Indianapolis -> Kansas City,4,Indianapolis,Seattle,4.8860116,4.886011600494385,0.9999999998988163
25,abilene,7,1.0,lstm,critical_failure_fixed,Kansas City -> Indianapolis & Indianapolis -> Kansas City,5,Kansas City,New York,4.799716,4.799715995788574,1.0000000008774323
25,abilene,7,1.0,lstm,random_failure_fixed,Sunnyvale -> Denver & Denver -> Sunnyvale,1,Kansas City,Sunnyvale,4.905416,4.905416011810303,0.9999999975923952
25,abilene,7,1.0,lstm,random_failure_fixed,Sunnyvale -> Denver & Denver -> Sunnyvale,2,Sunnyvale,Chicago,4.280241,4.280241012573242,0.9999999970624921
25,abilene,7,1.0,lstm,random_failure_fixed,Sunnyvale -> Denver & Denver -> Sunnyvale,3,Chicago,Sunnyvale,4.185626,4.185626029968262,0.999999992840196
25,abilene,7,1.0,lstm,random_failure_fixed,Sunnyvale -> Denver & Denver -> Sunnyvale,4,Denver,Sunnyvale,4.1433196,4.143319606781006,0.9999999983633882
25,abilene,7,1.0,lstm,random_failure_fixed,Sunnyvale -> Denver & Denver -> Sunnyvale,5,Los Angeles,Denver,4.0544348,4.054434776306152,1.0000000058439336
25,abilene,7,1.0,transformer,critical_failure_fixed,Denver -> Kansas City & Kansas City -> Denver,1,Denver,Indianapolis,5.967998,5.967998027801514,0.9999999953415678
25,abilene,7,1.0,transformer,critical_failure_fixed,Denver -> Kansas City & Kansas City -> Denver,2,Kansas City,Sunnyvale,5.9371028,5.937102794647217,1.0000000009015817
25,abilene,7,1.0,transformer,critical_failure_fixed,Denver -> Kansas City & Kansas City -> Denver,3,Denver,Washington DC,5.8258901,5.825890064239502,1.0000000061382033
25,abilene,7,1.0,transformer,critical_failure_fixed,Denver -> Kansas City & Kansas City -> Denver,4,Indianapolis,Seattle,5.7031217,5.703121662139893,1.0000000066384884
25,abilene,7,1.0,transformer,critical_failure_fixed,Denver -> Kansas City & Kansas City -> Denver,5,Seattle,Indianapolis,5.7017474,5.701747417449951,0.9999999969395433
25,abilene,7,1.0,transformer,random_failure_fixed,Sunnyvale -> Denver & Denver -> Sunnyvale,1,Kansas City,Sunnyvale,5.9371028,5.937102794647217,1.0000000009015817
25,abilene,7,1.0,transformer,random_failure_fixed,Sunnyvale -> Denver & Denver -> Sunnyvale,2,Sunnyvale,Chicago,5.1606584,5.160658359527588,1.00000000784249
25,abilene,7,1.0,transformer,random_failure_fixed,Sunnyvale -> Denver & Denver -> Sunnyvale,3,Denver,Sunnyvale,5.0068798,5.006879806518555,0.9999999986980804
25,abilene,7,1.0,transformer,random_failure_fixed,Sunnyvale -> Denver & Denver -> Sunnyvale,4,Los Angeles,Denver,4.9921083,4.992108345031738,0.9999999909794148
25,abilene,7,1.0,transformer,random_failure_fixed,Sunnyvale -> Denver & Denver -> Sunnyvale,5,Chicago,Sunnyvale,4.8019285,4.801928520202637,0.9999999957928076
26,abilene,7,1.0,moving_average,critical_failure_fixed,Denver -> Kansas City & Kansas City -> Denver,1,Denver,Washington DC,6.1011402,6.101140166017114,1.0000000055699239
26,abilene,7,1.0,moving_average,critical_failure_fixed,Denver -> Kansas City & Kansas City -> Denver,2,Kansas City,Sunnyvale,5.9475097,5.947509704817679,0.9999999991899671
26,abilene,7,1.0,moving_average,critical_failure_fixed,Denver -> Kansas City & Kansas City -> Denver,3,Denver,Indianapolis,5.8501927,5.850192732911343,0.9999999943743147
26,abilene,7,1.0,moving_average,critical_failure_fixed,Denver -> Kansas City & Kansas City -> Denver,4,Indianapolis,Seattle,5.8398391,5.839839113714903,0.9999999976514931
26,abilene,7,1.0,moving_average,critical_failure_fixed,Denver -> Kansas City & Kansas City -> Denver,5,Houston,Seattle,5.7195745,5.719574477644791,1.0000000039085442
26,abilene,7,1.0,moving_average,random_failure_fixed,Houston -> Atlanta & Atlanta -> Houston,1,Washington DC,Los Angeles,5.8365619,5.836561943956966,0.9999999924686886
26,abilene,7,1.0,moving_average,random_failure_fixed,Houston -> Atlanta & Atlanta -> Houston,2,New York,Los Angeles,5.6492395,5.649239484803144,1.000000002690071
26,abilene,7,1.0,moving_average,random_failure_fixed,Houston -> Atlanta & Atlanta -> Houston,3,Atlanta,Los Angeles,5.634838,5.634838037455277,0.9999999933529097
26,abilene,7,1.0,moving_average,random_failure_fixed,Houston -> Atlanta & Atlanta -> Houston,4,Denver,Atlanta,5.6078787,5.607878662904077,1.0000000066149652
26,abilene,7,1.0,moving_average,random_failure_fixed,Houston -> Atlanta & Atlanta -> Houston,5,Los Angeles,Chicago,5.4653192,5.465319244584272,0.9999999918423297
26,abilene,7,1.0,linear_autoregressive,critical_failure_fixed,Denver -> Kansas City & Kansas City -> Denver,1,Denver,Washington DC,7.4832486,7.483248609776589,0.9999999986935367
26,abilene,7,1.0,linear_autoregressive,critical_failure_fixed,Denver -> Kansas City & Kansas City -> Denver,2,Kansas City,Sunnyvale,7.3927666,7.392766628639207,0.9999999961260501
26,abilene,7,1.0,linear_autoregressive,critical_failure_fixed,Denver -> Kansas City & Kansas City -> Denver,3,Denver,Indianapolis,7.3415606,7.341560555272898,1.0000000060923153
26,abilene,7,1.0,linear_autoregressive,critical_failure_fixed,Denver -> Kansas City & Kansas City -> Denver,4,Indianapolis,Seattle,7.2588447,7.258844700194195,0.9999999999732472
26,abilene,7,1.0,linear_autoregressive,critical_failure_fixed,Denver -> Kansas City & Kansas City -> Denver,5,Seattle,Houston,7.1670034,7.167003431057157,0.9999999956666468
26,abilene,7,1.0,linear_autoregressive,random_failure_fixed,Houston -> Atlanta & Atlanta -> Houston,1,Washington DC,Los Angeles,7.9620716,7.962071604413006,0.9999999994457465
26,abilene,7,1.0,linear_autoregressive,random_failure_fixed,Houston -> Atlanta & Atlanta -> Houston,2,Denver,Atlanta,7.1364253,7.136425295525697,1.000000000626967
26,abilene,7,1.0,linear_autoregressive,random_failure_fixed,Houston -> Atlanta & Atlanta -> Houston,3,Atlanta,Los Angeles,7.0818883,7.081888267888613,1.0000000045342974
26,abilene,7,1.0,linear_autoregressive,random_failure_fixed,Houston -> Atlanta & Atlanta -> Houston,4,New York,Los Angeles,7.0672567,7.067256723452415,0.999999996681539
26,abilene,7,1.0,linear_autoregressive,random_failure_fixed,Houston -> Atlanta & Atlanta -> Houston,5,Los Angeles,Chicago,6.7971081,6.797108136301351,0.9999999946592947
26,abilene,7,1.0,lstm,critical_failure_fixed,Kansas City -> Indianapolis & Indianapolis -> Kansas City,1,Chicago,Los Angeles,5.1472559,5.147255897521973,1.000000000481427
26,abilene,7,1.0,lstm,critical_failure_fixed,Kansas City -> Indianapolis & Indianapolis -> Kansas City,2,Denver,Washington DC,5.0191932,5.019193172454834,1.000000005487967
26,abilene,7,1.0,lstm,critical_failure_fixed,Kansas City -> Indianapolis & Indianapolis -> Kansas City,3,Denver,Indianapolis,4.9113278,4.911327838897705,0.9999999920800022
26,abilene,7,1.0,lstm,critical_failure_fixed,Kansas City -> Indianapolis & Indianapolis -> Kansas City,4,Indianapolis,Seattle,4.8860106,4.886010646820068,0.9999999904175263
26,abilene,7,1.0,lstm,critical_failure_fixed,Kansas City -> Indianapolis & Indianapolis -> Kansas City,5,Kansas City,New York,4.799716,4.799715995788574,1.0000000008774323
26,abilene,7,1.0,lstm,random_failure_fixed,Houston -> Atlanta & Atlanta -> Houston,1,Washington DC,Los Angeles,5.2452908,5.245290756225586,1.0000000083454696
26,abilene,7,1.0,lstm,random_failure_fixed,Houston -> Atlanta & Atlanta -> Houston,2,New York,Los Angeles,4.7720461,4.772046089172363,1.0000000022689715
26,abilene,7,1.0,lstm,random_failure_fixed,Houston -> Atlanta & Atlanta -> Houston,3,Atlanta,Los Angeles,4.759944,4.759943962097168,1.0000000079628735
26,abilene,7,1.0,lstm,random_failure_fixed,Houston -> Atlanta & Atlanta -> Houston,4,Los Angeles,Chicago,4.5568552,4.556855201721191,0.9999999996222853
26,abilene,7,1.0,lstm,random_failure_fixed,Houston -> Atlanta & Atlanta -> Houston,5,New York,Houston,4.4616809,4.461680889129639,1.0000000024363827
26,abilene,7,1.0,transformer,critical_failure_fixed,Denver -> Kansas City & Kansas City -> Denver,1,Denver,Indianapolis,6.0915823,6.091582298278809,1.0000000002825524
26,abilene,7,1.0,transformer,critical_failure_fixed,Denver -> Kansas City & Kansas City -> Denver,2,Kansas City,Sunnyvale,6.0481496,6.048149585723877,1.0000000023604119
26,abilene,7,1.0,transformer,critical_failure_fixed,Denver -> Kansas City & Kansas City -> Denver,3,Denver,Washington DC,5.9151478,5.91514778137207,1.000000003149191
26,abilene,7,1.0,transformer,critical_failure_fixed,Denver -> Kansas City & Kansas City -> Denver,4,Seattle,Indianapolis,5.8212237,5.821223735809326,0.9999999938484883
26,abilene,7,1.0,transformer,critical_failure_fixed,Denver -> Kansas City & Kansas City -> Denver,5,Indianapolis,Seattle,5.7805343,5.780534267425537,1.0000000056351994
26,abilene,7,1.0,transformer,random_failure_fixed,Houston -> Atlanta & Atlanta -> Houston,1,Washington DC,Los Angeles,6.2116137,6.211613655090332,1.000000007229952
26,abilene,7,1.0,transformer,random_failure_fixed,Houston -> Atlanta & Atlanta -> Houston,2,New York,Los Angeles,5.8081203,5.808120250701904,1.0000000084877883
26,abilene,7,1.0,transformer,random_failure_fixed,Houston -> Atlanta & Atlanta -> Houston,3,Los Angeles,Chicago,5.5679688,5.567968845367432,0.999999991852068
26,abilene,7,1.0,transformer,random_failure_fixed,Houston -> Atlanta & Atlanta -> Houston,4,Atlanta,Los Angeles,5.5292315,5.529231548309326,0.9999999912629222
26,abilene,7,1.0,transformer,random_failure_fixed,Houston -> Atlanta & Atlanta -> Houston,5,Denver,Atlanta,5.4747496,5.474749565124512,1.0000000063702437
27,abilene,7,1.0,moving_average,critical_failure_fixed,Denver -> Kansas City & Kansas City -> Denver,1,Denver,Washington DC,6.5714872,6.571487240165818,0.9999999938878649
27,abilene,7,1.0,moving_average,critical_failure_fixed,Denver -> Kansas City & Kansas City -> Denver,2,Kansas City,Sunnyvale,6.4979104,6.497910352065667,1.0000000073768842
27,abilene,7,1.0,moving_average,critical_failure_fixed,Denver -> Kansas City & Kansas City -> Denver,3,Denver,Indianapolis,6.3675041,6.36750406426373,1.0000000056122884
27,abilene,7,1.0,moving_average,critical_failure_fixed,Denver -> Kansas City & Kansas City -> Denver,4,Indianapolis,Seattle,6.252483,6.252482956890975,1.0000000068947048
27,abilene,7,1.0,moving_average,critical_failure_fixed,Denver -> Kansas City & Kansas City -> Denver,5,Houston,Seattle,6.222164,6.222163980363497,1.0000000031558962
27,abilene,7,1.0,moving_average,random_failure_fixed,New York -> Chicago & Chicago -> New York,1,New York,Chicago,6.1939083,6.1939083172892095,0.9999999972086753
27,abilene,7,1.0,moving_average,random_failure_fixed,New York -> Chicago & Chicago -> New York,2,Kansas City,New York,6.1527238,6.152723845257263,0.9999999926443534
27,abilene,7,1.0,moving_average,random_failure_fixed,New York -> Chicago & Chicago -> New York,3,New York,Kansas City,5.7895502,5.78955019705409,1.0000000005088323
27,abilene,7,1.0,moving_average,random_failure_fixed,New York -> Chicago & Chicago -> New York,4,Indianapolis,New York,5.6889449,5.688944855093429,1.0000000078936555
27,abilene,7,1.0,moving_average,random_failure_fixed,New York -> Chicago & Chicago -> New York,5,Chicago,Washington DC,4.3407953,4.340795313629553,0.9999999968601253
27,abilene,7,1.0,linear_autoregressive,critical_failure_fixed,Denver -> Kansas City & Kansas City -> Denver,1,Kansas City,Sunnyvale,7.8818349,7.881834928167685,0.9999999964262528
27,abilene,7,1.0,linear_autoregressive,critical_failure_fixed,Denver -> Kansas City & Kansas City -> Denver,2,Denver,Indianapolis,7.6271179,7.62711787589108,1.0000000031609477
27,abilene,7,1.0,linear_autoregressive,critical_failure_fixed,Denver -> Kansas City & Kansas City -> Denver,3,Denver,Washington DC,7.573801,7.573800985795873,1.0000000018754291
27,abilene,7,1.0,linear_autoregressive,critical_failure_fixed,Denver -> Kansas City & Kansas City -> Denver,4,Indianapolis,Seattle,7.4515034,7.451503353754939,1.0000000062061385
27,abilene,7,1.0,linear_autoregressive,critical_failure_fixed,Denver -> Kansas City & Kansas City -> Denver,5,Seattle,Houston,7.3990103,7.399010278224937,1.0000000029429696
27,abilene,7,1.0,linear_autoregressive,random_failure_fixed,New York -> Chicago & Chicago -> New York,1,New York,Chicago,7.7332491,7.733249145526274,0.9999999941129177
27,abilene,7,1.0,linear_autoregressive,random_failure_fixed,New York -> Chicago & Chicago -> New York,2,Kansas City,New York,7.237472,7.23747204067544,0.999999994379883
27,abilene,7,1.0,linear_autoregressive,random_failure_fixed,New York -> Chicago & Chicago -> New York,3,New York,Kansas City,6.7280787,6.728078744691151,0.9999999933575167
27,abilene,7,1.0,linear_autoregressive,random_failure_fixed,New York -> Chicago & Chicago -> New York,4,Indianapolis,New York,6.6335071,6.63350711893607,0.9999999971453909
27,abilene,7,1.0,linear_autoregressive,random_failure_fixed,New York -> Chicago & Chicago -> New York,5,Denver,New York,5.4348851,5.434885141910408,0.9999999922886303
27,abilene,7,1.0,lstm,critical_failure_fixed,Kansas City -> Indianapolis & Indianapolis -> Kansas City,1,Chicago,Los Angeles,5.1472564,5.147256374359131,1.0000000049814632
27,abilene,7,1.0,lstm,critical_failure_fixed,Kansas City -> Indianapolis & Indianapolis -> Kansas City,2,Denver,Washington DC,5.0191932,5.019193172454834,1.000000005487967
27,abilene,7,1.0,lstm,critical_failure_fixed,Kansas City -> Indianapolis & Indianapolis -> Kansas City,3,Denver,Indianapolis,4.9113259,4.911325931549072,0.9999999935762617
27,abilene,7,1.0,lstm,critical_failure_fixed,Kansas City -> Indianapolis & Indianapolis -> Kansas City,4,Indianapolis,Seattle,4.8860083,4.886008262634277,1.0000000076474949
27,abilene,7,1.0,lstm,critical_failure_fixed,Kansas City -> Indianapolis & Indianapolis -> Kansas City,5,Kansas City,New York,4.7997155,4.799715518951416,0.9999999960515542
27,abilene,7,1.0,lstm,random_failure_fixed,New York -> Chicago & Chicago -> New York,1,Kansas City,New York,4.7997155,4.799715518951416,0.9999999960515542
27,abilene,7,1.0,lstm,random_failure_fixed,New York -> Chicago & Chicago -> New York,2,New York,Chicago,4.706789,4.706789016723633,0.9999999964469125
27,abilene,7,1.0,lstm,random_failure_fixed,New York -> Chicago & Chicago -> New York,3,Indianapolis,New York,4.4754629,4.475462913513184,0.9999999969806065
27,abilene,7,1.0,lstm,random_failure_fixed,New York -> Chicago & Chicago -> New York,4,New York,Kansas City,4.3633933,4.363393306732178,0.9999999984571234
27,abilene,7,1.0,lstm,random_failure_fixed,New York -> Chicago & Chicago -> New York,5,Chicago,Washington DC,3.4215202,3.421520233154297,0.9999999903100684
27,abilene,7,1.0,transformer,critical_failure_fixed,Denver -> Kansas City & Kansas City -> Denver,1,Denver,Indianapolis,5.9733415,5.973341464996338,1.00000000585998
27,abilene,7,1.0,transformer,critical_failure_fixed,Denver -> Kansas City & Kansas City -> Denver,2,Kansas City,Sunnyvale,5.9677229,5.9677228927612305,1.0000000012129868
27,abilene,7,1.0,transformer,critical_failure_fixed,Denver -> Kansas City & Kansas City -> Denver,3,Denver,Washington DC,5.8527174,5.852717399597168,1.0000000000688283
27,abilene,7,1.0,transformer,critical_failure_fixed,Denver -> Kansas City & Kansas City -> Denver,4,Seattle,Indianapolis,5.7134309,5.713430881500244,1.0000000032379417
27,abilene,7,1.0,transformer,critical_failure_fixed,Denver -> Kansas City & Kansas City -> Denver,5,Indianapolis,Seattle,5.7005968,5.700596809387207,0.9999999983532939
27,abilene,7,1.0,transformer,random_failure_fixed,New York -> Chicago & Chicago -> New York,1,Kansas City,New York,5.6484265,5.648426532745361,0.9999999942027464
27,abilene,7,1.0,transformer,random_failure_fixed,New York -> Chicago & Chicago -> New York,2,New York,Chicago,5.5638041,5.5638041496276855,0.99999999108026
27,abilene,7,1.0,transformer,random_failure_fixed,New York -> Chicago & Chicago -> New York,3,Indianapolis,New York,5.4297462,5.429746150970459,1.0000000090298036
27,abilene,7,1.0,transformer,random_failure_fixed,New York -> Chicago & Chicago -> New York,4,New York,Kansas City,5.1182609,5.118260860443115,1.0000000077285793
27,abilene,7,1.0,transformer,random_failure_fixed,New York -> Chicago & Chicago -> New York,5,Chicago,Washington DC,4.2646518,4.264651775360107,1.0000000057777034
28,abilene,7,1.0,moving_average,critical_failure_fixed,Denver -> Kansas City & Kansas City -> Denver,1,Denver,Washington DC,6.9384318,6.938431780259685,1.0000000028450686
28,abilene,7,1.0,moving_average,critical_failure_fixed,Denver -> Kansas City & Kansas City -> Denver,2,Kansas City,Sunnyvale,6.8469551,6.846955107904981,0.9999999988454749
28,abilene,7,1.0,moving_average,critical_failure_fixed,Denver -> Kansas City & Kansas City -> Denver,3,Denver,Indianapolis,6.8381646,6.838164563579227,1.0000000053261036
28,abilene,7,1.0,moving_average,critical_failure_fixed,Denver -> Kansas City & Kansas City -> Denver,4,Indianapolis,Seattle,6.6742761,6.674276115605706,0.9999999976618129
28,abilene,7,1.0,moving_average,critical_failure_fixed,Denver -> Kansas City & Kansas City -> Denver,5,Houston,Seattle,6.6096475,6.609647528518754,0.9999999956852837
28,abilene,7,1.0,moving_average,random_failure_fixed,Denver -> Kansas City & Kansas City -> Denver,1,Denver,Washington DC,6.9384318,6.938431780259685,1.0000000028450686
28,abilene,7,1.0,moving_average,random_failure_fixed,Denver -> Kansas City & Kansas City -> Denver,2,Kansas City,Sunnyvale,6.8469551,6.846955107904981,0.9999999988454749
28,abilene,7,1.0,moving_average,random_failure_fixed,Denver -> Kansas City & Kansas City -> Denver,3,Denver,Indianapolis,6.8381646,6.838164563579227,1.0000000053261036
28,abilene,7,1.0,moving_average,random_failure_fixed,Denver -> Kansas City & Kansas City -> Denver,4,Indianapolis,Seattle,6.6742761,6.674276115605706,0.9999999976618129
28,abilene,7,1.0,moving_average,random_failure_fixed,Denver -> Kansas City & Kansas City -> Denver,5,Houston,Seattle,6.6096475,6.609647528518754,0.9999999956852837
28,abilene,7,1.0,linear_autoregressive,critical_failure_fixed,Denver -> Kansas City & Kansas City -> Denver,1,Denver,Washington DC,7.3506125,7.350612480783288,1.0000000026143008
28,abilene,7,1.0,linear_autoregressive,critical_failure_fixed,Denver -> Kansas City & Kansas City -> Denver,2,Indianapolis,Seattle,7.2237439,7.223743933419187,0.9999999953737027
28,abilene,7,1.0,linear_autoregressive,critical_failure_fixed,Denver -> Kansas City & Kansas City -> Denver,3,Denver,Indianapolis,7.1324717,7.1324716518343925,1.0000000067530037
28,abilene,7,1.0,linear_autoregressive,critical_failure_fixed,Denver -> Kansas City & Kansas City -> Denver,4,Kansas City,Sunnyvale,6.9949292,6.9949291500738475,1.000000007137478
28,abilene,7,1.0,linear_autoregressive,critical_failure_fixed,Denver -> Kansas City & Kansas City -> Denver,5,Seattle,Houston,6.990399,6.990399031965353,0.9999999954272492
28,abilene,7,1.0,linear_autoregressive,random_failure_fixed,Denver -> Kansas City & Kansas City -> Denver,1,Denver,Washington DC,7.3506125,7.350612480783288,1.0000000026143008
28,abilene,7,1.0,linear_autoregressive,random_failure_fixed,Denver -> Kansas City & Kansas City -> Denver,2,Indianapolis,Seattle,7.2237439,7.223743933419187,0.9999999953737027
28,abilene,7,1.0,linear_autoregressive,random_failure_fixed,Denver -> Kansas City & Kansas City -> Denver,3,Denver,Indianapolis,7.1324717,7.1324716518343925,1.0000000067530037
28,abilene,7,1.0,linear_autoregressive,random_failure_fixed,Denver -> Kansas City & Kansas City -> Denver,4,Kansas City,Sunnyvale,6.9949292,6.9949291500738475,1.000000007137478
28,abilene,7,1.0,linear_autoregressive,random_failure_fixed,Denver -> Kansas City & Kansas City -> Denver,5,Seattle,Houston,6.990399,6.990399031965353,0.9999999954272492
28,abilene,7,1.0,lstm,critical_failure_fixed,Kansas City -> Indianapolis & Indianapolis -> Kansas City,1,Chicago,Los Angeles,5.1472559,5.147255897521973,1.000000000481427
28,abilene,7,1.0,lstm,critical_failure_fixed,Kansas City -> Indianapolis & Indianapolis -> Kansas City,2,Denver,Washington DC,5.0191936,5.019193649291992,0.9999999901793006
28,abilene,7,1.0,lstm,critical_failure_fixed,Kansas City -> Indianapolis & Indianapolis -> Kansas City,3,Denver,Indianapolis,4.9113293,4.91132926940918,1.0000000062286234
28,abilene,7,1.0,lstm,critical_failure_fixed,Kansas City -> Indianapolis & Indianapolis -> Kansas City,4,Indianapolis,Seattle,4.8860126,4.886012554168701,1.0000000093801025
28,abilene,7,1.0,lstm,critical_failure_fixed,Kansas City -> Indianapolis & Indianapolis -> Kansas City,5,Kansas City,New York,4.7997165,4.799716472625732,1.0000000057033092
28,abilene,7,1.0,lstm,random_failure_fixed,Denver -> Kansas City & Kansas City -> Denver,1,Denver,Washington DC,5.0191936,5.019193649291992,0.9999999901793006
28,abilene,7,1.0,lstm,random_failure_fixed,Denver -> Kansas City & Kansas City -> Denver,2,Denver,Indianapolis,4.9113293,4.91132926940918,1.0000000062286234
28,abilene,7,1.0,lstm,random_failure_fixed,Denver -> Kansas City & Kansas City -> Denver,3,Kansas City,Sunnyvale,4.9054165,4.905416488647461,1.0000000023142865
28,abilene,7,1.0,lstm,random_failure_fixed,Denver -> Kansas City & Kansas City -> Denver,4,Indianapolis,Seattle,4.8860126,4.886012554168701,1.0000000093801025
28,abilene,7,1.0,lstm,random_failure_fixed,Denver -> Kansas City & Kansas City -> Denver,5,Seattle,Houston,4.7850213,4.7850213050842285,0.9999999989374702
28,abilene,7,1.0,transformer,critical_failure_fixed,Kansas City -> Indianapolis & Indianapolis -> Kansas City,1,Chicago,Los Angeles,5.6994739,5.699473857879639,1.0000000073902193
28,abilene,7,1.0,transformer,critical_failure_fixed,Kansas City -> Indianapolis & Indianapolis -> Kansas City,2,Denver,Washington DC,5.5609074,5.560907363891602,1.0000000064932566
28,abilene,7,1.0,transformer,critical_failure_fixed,Kansas City -> Indianapolis & Indianapolis -> Kansas City,3,Denver,Indianapolis,5.5527062,5.552706241607666,0.9999999925067771
28,abilene,7,1.0,transformer,critical_failure_fixed,Kansas City -> Indianapolis & Indianapolis -> Kansas City,4,Indianapolis,Seattle,5.3957958,5.395795822143555,0.9999999958961467
28,abilene,7,1.0,transformer,critical_failure_fixed,Kansas City -> Indianapolis & Indianapolis -> Kansas City,5,Kansas City,New York,5.3365817,5.336581707000732,0.9999999986881617
28,abilene,7,1.0,transformer,random_failure_fixed,Denver -> Kansas City & Kansas City -> Denver,1,Kansas City,Sunnyvale,5.5968351,5.596835136413574,0.999999993493899
28,abilene,7,1.0,transformer,random_failure_fixed,Denver -> Kansas City & Kansas City -> Denver,2,Denver,Washington DC,5.5609074,5.560907363891602,1.0000000064932566
28,abilene,7,1.0,transformer,random_failure_fixed,Denver -> Kansas City & Kansas City -> Denver,3,Denver,Indianapolis,5.5527062,5.552706241607666,0.9999999925067771
28,abilene,7,1.0,transformer,random_failure_fixed,Denver -> Kansas City & Kansas City -> Denver,4,Indianapolis,Seattle,5.3957958,5.395795822143555,0.9999999958961467
28,abilene,7,1.0,transformer,random_failure_fixed,Denver -> Kansas City & Kansas City -> Denver,5,Seattle,Indianapolis,5.3135562,5.31355619430542,1.0000000010717078
29,abilene,7,1.0,moving_average,critical_failure_fixed,Denver -> Kansas City & Kansas City -> Denver,1,Denver,Washington DC,7.0247585,7.024758453233054,1.0000000066574455
29,abilene,7,1.0,moving_average,critical_failure_fixed,Denver -> Kansas City & Kansas City -> Denver,2,Denver,Indianapolis,7.0142515,7.014251465603105,1.0000000049038582
29,abilene,7,1.0,moving_average,critical_failure_fixed,Denver -> Kansas City & Kansas City -> Denver,3,Kansas City,Sunnyvale,6.9600691,6.960069129544038,0.9999999957552091
29,abilene,7,1.0,moving_average,critical_failure_fixed,Denver -> Kansas City & Kansas City -> Denver,4,Indianapolis,Seattle,6.8899972,6.889997193437445,1.0000000009524757
29,abilene,7,1.0,moving_average,critical_failure_fixed,Denver -> Kansas City & Kansas City -> Denver,5,Houston,Seattle,6.7628962,6.762896243869773,0.9999999935131678
29,abilene,7,1.0,moving_average,random_failure_fixed,Atlanta -> Indianapolis & Indianapolis -> Atlanta,1,Denver,Washington DC,7.0247585,7.024758453233054,1.0000000066574455
29,abilene,7,1.0,moving_average,random_failure_fixed,Atlanta -> Indianapolis & Indianapolis -> Atlanta,2,Atlanta,Chicago,6.8443605,6.844360515704935,0.9999999977054197
29,abilene,7,1.0,moving_average,random_failure_fixed,Atlanta -> Indianapolis & Indianapolis -> Atlanta,3,Los Angeles,Chicago,6.4020111,6.402011116200167,0.9999999974695192
29,abilene,7,1.0,moving_average,random_failure_fixed,Atlanta -> Indianapolis & Indianapolis -> Atlanta,4,Indianapolis,Atlanta,6.3360239,6.336023862089562,1.0000000059833167
29,abilene,7,1.0,moving_average,random_failure_fixed,Atlanta -> Indianapolis & Indianapolis -> Atlanta,5,Indianapolis,Los Angeles,6.1465526,6.146552615214186,0.9999999975247611
29,abilene,7,1.0,linear_autoregressive,critical_failure_fixed,Kansas City -> Indianapolis & Indianapolis -> Kansas City,1,Chicago,Los Angeles,6.5321382,6.53213818998757,1.0000000015327952
29,abilene,7,1.0,linear_autoregressive,critical_failure_fixed,Kansas City -> Indianapolis & Indianapolis -> Kansas City,2,Denver,Indianapolis,6.4332654,6.433265428080396,0.9999999956351255
29,abilene,7,1.0,linear_autoregressive,critical_failure_fixed,Kansas City -> Indianapolis & Indianapolis -> Kansas City,3,Denver,Washington DC,6.175455,6.175455034145551,0.9999999944707637
29,abilene,7,1.0,linear_autoregressive,critical_failure_fixed,Kansas City -> Indianapolis & Indianapolis -> Kansas City,4,Seattle,Indianapolis,6.0897042,6.089704194379365,1.0000000009229733
29,abilene,7,1.0,linear_autoregressive,critical_failure_fixed,Kansas City -> Indianapolis & Indianapolis -> Kansas City,5,Indianapolis,Seattle,6.0769591,6.076959138374828,0.9999999936851924
29,abilene,7,1.0,linear_autoregressive,random_failure_fixed,Atlanta -> Indianapolis & Indianapolis -> Atlanta,1,Atlanta,Chicago,6.2137588,6.2137588260538825,0.9999999958070657
29,abilene,7,1.0,linear_autoregressive,random_failure_fixed,Atlanta -> Indianapolis & Indianapolis -> Atlanta,2,Denver,Washington DC,6.175455,6.175455034145551,0.9999999944707637
29,abilene,7,1.0,linear_autoregressive,random_failure_fixed,Atlanta -> Indianapolis & Indianapolis -> Atlanta,3,Indianapolis,Atlanta,5.918375,5.918375011586074,0.9999999980423556
29,abilene,7,1.0,linear_autoregressive,random_failure_fixed,Atlanta -> Indianapolis & Indianapolis -> Atlanta,4,Los Angeles,Chicago,5.8472583,5.8472583469524775,0.9999999919701722
29,abilene,7,1.0,linear_autoregressive,random_failure_fixed,Atlanta -> Indianapolis & Indianapolis -> Atlanta,5,Indianapolis,Los Angeles,5.6227362,5.622736177854269,1.000000003938604
29,abilene,7,1.0,lstm,critical_failure_fixed,Kansas City -> Indianapolis & Indianapolis -> Kansas City,1,Chicago,Los Angeles,5.1472554,5.1472554206848145,0.9999999959813894
29,abilene,7,1.0,lstm,critical_failure_fixed,Kansas City -> Indianapolis & Indianapolis -> Kansas City,2,Denver,Washington DC,5.0191941,5.01919412612915,0.9999999947941542
29,abilene,7,1.0,lstm,critical_failure_fixed,Kansas City -> Indianapolis & Indianapolis -> Kansas City,3,Denver,Indianapolis,4.9113312,4.9113311767578125,1.00000000473236
29,abilene,7,1.0,lstm,critical_failure_fixed,Kansas City -> Indianapolis & Indianapolis -> Kansas City,4,Indianapolis,Seattle,4.8860154,4.88601541519165,0.9999999968907894
29,abilene,7,1.0,lstm,critical_failure_fixed,Kansas City -> Indianapolis & Indianapolis -> Kansas City,5,Kansas City,New York,4.7997165,4.799716472625732,1.0000000057033092
29,abilene,7,1.0,lstm,random_failure_fixed,Atlanta -> Indianapolis & Indianapolis -> Atlanta,1,Denver,Washington DC,5.0191941,5.01919412612915,0.9999999947941542
29,abilene,7,1.0,lstm,random_failure_fixed,Atlanta -> Indianapolis & Indianapolis -> Atlanta,2,Atlanta,Chicago,4.9621611,4.962161064147949,1.000000007225088
29,abilene,7,1.0,lstm,random_failure_fixed,Atlanta -> Indianapolis & Indianapolis -> Atlanta,3,Denver,Atlanta,4.6653686,4.665368556976318,1.0000000092219254
29,abilene,7,1.0,lstm,random_failure_fixed,Atlanta -> Indianapolis & Indianapolis -> Atlanta,4,Indianapolis,Atlanta,4.5572038,4.557203769683838,1.0000000066523604
29,abilene,7,1.0,lstm,random_failure_fixed,Atlanta -> Indianapolis & Indianapolis -> Atlanta,5,Los Angeles,Chicago,4.5568557,4.55685567855835,1.0000000047053608
29,abilene,7,1.0,transformer,critical_failure_fixed,Kansas City -> Indianapolis & Indianapolis -> Kansas City,1,Chicago,Los Angeles,5.0876222,5.087622165679932,1.0000000067457975
29,abilene,7,1.0,transformer,critical_failure_fixed,Kansas City -> Indianapolis & Indianapolis -> Kansas City,2,Denver,Washington DC,5.0828676,5.082867622375488,0.9999999955978613
29,abilene,7,1.0,transformer,critical_failure_fixed,Kansas City -> Indianapolis & Indianapolis -> Kansas City,3,Denver,Indianapolis,4.9053516,4.905351638793945,0.9999999920915058
29,abilene,7,1.0,transformer,critical_failure_fixed,Kansas City -> Indianapolis & Indianapolis -> Kansas City,4,Indianapolis,Seattle,4.8896499,4.889649868011475,1.000000006542089
29,abilene,7,1.0,transformer,critical_failure_fixed,Kansas City -> Indianapolis & Indianapolis -> Kansas City,5,Kansas City,New York,4.8164096,4.816409587860107,1.0000000025205276
29,abilene,7,1.0,transformer,random_failure_fixed,Atlanta -> Indianapolis & Indianapolis -> Atlanta,1,Denver,Washington DC,5.0828676,5.082867622375488,0.9999999955978613
29,abilene,7,1.0,transformer,random_failure_fixed,Atlanta -> Indianapolis & Indianapolis -> Atlanta,2,Atlanta,Chicago,4.9765759,4.97657585144043,1.000000009757627
29,abilene,7,1.0,transformer,random_failure_fixed,Atlanta -> Indianapolis & Indianapolis -> Atlanta,3,Denver,Atlanta,4.6858711,4.685871124267578,0.999999994821117
29,abilene,7,1.0,transformer,random_failure_fixed,Atlanta -> Indianapolis & Indianapolis -> Atlanta,4,Los Angeles,Chicago,4.6255136,4.625513553619385,1.0000000100271276
29,abilene,7,1.0,transformer,random_failure_fixed,Atlanta -> Indianapolis & Indianapolis -> Atlanta,5,Indianapolis,Atlanta,4.5780721,4.5780720710754395,1.0000000063180658
30,abilene,7,1.0,moving_average,critical_failure_fixed,Kansas City -> Indianapolis & Indianapolis -> Kansas City,1,Chicago,Los Angeles,6.9600922,6.9600922025886645,0.9999999996280704
30,abilene,7,1.0,moving_average,critical_failure_fixed,Kansas City -> Indianapolis & Indianapolis -> Kansas City,2,Denver,Indianapolis,6.9357027,6.935702738245543,0.9999999944857004
30,abilene,7,1.0,moving_average,critical_failure_fixed,Kansas City -> Indianapolis & Indianapolis -> Kansas City,3,Denver,Washington DC,6.8866413,6.886641333158884,0.9999999951850428
30,abilene,7,1.0,moving_average,critical_failure_fixed,Kansas City -> Indianapolis & Indianapolis -> Kansas City,4,Indianapolis,Seattle,6.7839567,6.783956710719987,0.9999999984198032
30,abilene,7,1.0,moving_average,critical_failure_fixed,Kansas City -> Indianapolis & Indianapolis -> Kansas City,5,Kansas City,New York,6.580195,6.580195037465618,0.9999999943063058
30,abilene,7,1.0,moving_average,random_failure_fixed,New York -> Washington DC & Washington DC -> New York,1,New York,Los Angeles,6.4897802,6.489780159858895,1.0000000061852796
30,abilene,7,1.0,moving_average,random_failure_fixed,New York -> Washington DC & Washington DC -> New York,2,New York,Houston,6.1513714,6.151371381039084,1.0000000030823886
30,abilene,7,1.0,moving_average,random_failure_fixed,New York -> Washington DC & Washington DC -> New York,3,New York,Washington DC,6.020168,6.020168039456412,0.9999999934459616
30,abilene,7,1.0,moving_average,random_failure_fixed,New York -> Washington DC & Washington DC -> New York,4,Sunnyvale,New York,5.7104951,5.710495057387114,1.0000000074622053
30,abilene,7,1.0,moving_average,random_failure_fixed,New York -> Washington DC & Washington DC -> New York,5,Washington DC,New York,5.5245397,5.5245397462218415,0.9999999916333588
30,abilene,7,1.0,linear_autoregressive,critical_failure_fixed,Kansas City -> Indianapolis & Indianapolis -> Kansas City,1,Chicago,Los Angeles,5.4377838,5.437783793605143,1.0000000011760042
30,abilene,7,1.0,linear_autoregressive,critical_failure_fixed,Kansas City -> Indianapolis & Indianapolis -> Kansas City,2,Denver,Indianapolis,5.4372151,5.437215067480809,1.0000000059808545
30,abilene,7,1.0,linear_autoregressive,critical_failure_fixed,Kansas City -> Indianapolis & Indianapolis -> Kansas City,3,Denver,Washington DC,5.203961,5.203961000611533,0.999999999882487
30,abilene,7,1.0,linear_autoregressive,critical_failure_fixed,Kansas City -> Indianapolis & Indianapolis -> Kansas City,4,Kansas City,New York,5.2037317,5.203731669833088,1.000000005797169
30,abilene,7,1.0,linear_autoregressive,critical_failure_fixed,Kansas City -> Indianapolis & Indianapolis -> Kansas City,5,Indianapolis,Seattle,5.1858402,5.185840226343624,0.9999999949200858
30,abilene,7,1.0,linear_autoregressive,random_failure_fixed,New York -> Washington DC & Washington DC -> New York,1,New York,Los Angeles,4.9737458,4.973745758366558,1.0000000083706413
30,abilene,7,1.0,linear_autoregressive,random_failure_fixed,New York -> Washington DC & Washington DC -> New York,2,New York,Houston,4.8043337,4.8043336607586085,1.0000000081679155
30,abilene,7,1.0,linear_autoregressive,random_failure_fixed,New York -> Washington DC & Washington DC -> New York,3,New York,Washington DC,4.5880033,4.588003301549783,0.9999999996622096
30,abilene,7,1.0,linear_autoregressive,random_failure_fixed,New York -> Washington DC & Washington DC -> New York,4,Washington DC,New York,4.3168658,4.316865769974165,1.000000006955471
30,abilene,7,1.0,linear_autoregressive,random_failure_fixed,New York -> Washington DC & Washington DC -> New York,5,Sunnyvale,New York,4.2481435,4.248143531233175,0.9999999926478063
30,abilene,7,1.0,lstm,critical_failure_fixed,Kansas City -> Indianapolis & Indianapolis -> Kansas City,1,Chicago,Los Angeles,5.1472554,5.1472554206848145,0.9999999959813894
30,abilene,7,1.0,lstm,critical_failure_fixed,Kansas City -> Indianapolis & Indianapolis -> Kansas City,2,Denver,Washington DC,5.0191941,5.01919412612915,0.9999999947941542
30,abilene,7,1.0,lstm,critical_failure_fixed,Kansas City -> Indianapolis & Indianapolis -> Kansas City,3,Denver,Indianapolis,4.9113326,4.911332607269287,0.9999999985198951
30,abilene,7,1.0,lstm,critical_failure_fixed,Kansas City -> Indianapolis & Indianapolis -> Kansas City,4,Indianapolis,Seattle,4.8860168,4.886016845703125,0.9999999906461385
30,abilene,7,1.0,lstm,critical_failure_fixed,Kansas City -> Indianapolis & Indianapolis -> Kansas City,5,Kansas City,New York,4.7997165,4.799716472625732,1.0000000057033092
30,abilene,7,1.0,lstm,random_failure_fixed,New York -> Washington DC & Washington DC -> New York,1,New York,Los Angeles,4.7720485,4.772048473358154,1.000000005582895
30,abilene,7,1.0,lstm,random_failure_fixed,New York -> Washington DC & Washington DC -> New York,2,New York,Houston,4.4616799,4.461679935455322,0.9999999920533694
30,abilene,7,1.0,lstm,random_failure_fixed,New York -> Washington DC & Washington DC -> New York,3,New York,Washington DC,4.404212,4.40421199798584,1.000000000457326
30,abilene,7,1.0,lstm,random_failure_fixed,New York -> Washington DC & Washington DC -> New York,4,Sunnyvale,New York,3.9733157,3.973315715789795,0.9999999960260407
30,abilene,7,1.0,lstm,random_failure_fixed,New York -> Washington DC & Washington DC -> New York,5,Washington DC,New York,3.9412062,3.941206216812134,0.9999999957342669
30,abilene,7,1.0,transformer,critical_failure_fixed,Kansas City -> Indianapolis & Indianapolis -> Kansas City,1,Chicago,Los Angeles,4.9068003,4.906800270080566,1.0000000060975445
30,abilene,7,1.0,transformer,critical_failure_fixed,Kansas City -> Indianapolis & Indianapolis -> Kansas City,2,Denver,Washington DC,4.8744478,4.874447822570801,0.9999999953695677
30,abilene,7,1.0,transformer,critical_failure_fixed,Kansas City -> Indianapolis & Indianapolis -> Kansas City,3,Indianapolis,Seattle,4.6615067,4.661506652832031,1.0000000101186102
30,abilene,7,1.0,transformer,critical_failure_fixed,Kansas City -> Indianapolis & Indianapolis -> Kansas City,4,Denver,Indianapolis,4.6539755,4.653975486755371,1.0000000028458742
30,abilene,7,1.0,transformer,critical_failure_fixed,Kansas City -> Indianapolis & Indianapolis -> Kansas City,5,Kansas City,New York,4.6030917,4.603091716766357,0.9999999963575879
30,abilene,7,1.0,transformer,random_failure_fixed,New York -> Washington DC & Washington DC -> New York,1,New York,Los Angeles,4.6061749,4.606174945831299,0.9999999900500308
30,abilene,7,1.0,transformer,random_failure_fixed,New York -> Washington DC & Washington DC -> New York,2,New York,Washington DC,4.228548,4.228548049926758,0.9999999881929312
30,abilene,7,1.0,transformer,random_failure_fixed,New York -> Washington DC & Washington DC -> New York,3,New York,Houston,4.2157497,4.215749740600586,0.9999999903693083
30,abilene,7,1.0,transformer,random_failure_fixed,New York -> Washington DC & Washington DC -> New York,4,Sunnyvale,New York,3.7261567,3.726156711578369,0.9999999968926779
30,abilene,7,1.0,transformer,random_failure_fixed,New York -> Washington DC & Washington DC -> New York,5,Washington DC,New York,3.7068772,3.7068772315979004,0.9999999914758708
31,abilene,7,1.0,moving_average,critical_failure_fixed,Denver -> Kansas City & Kansas City -> Denver,1,Denver,Indianapolis,6.5859125,6.585912528711838,0.9999999956404161
31,abilene,7,1.0,moving_average,critical_failure_fixed,Denver -> Kansas City & Kansas City -> Denver,2,Indianapolis,Seattle,6.4469846,6.446984554111659,1.0000000071177992
31,abilene,7,1.0,moving_average,critical_failure_fixed,Denver -> Kansas City & Kansas City -> Denver,3,Kansas City,Sunnyvale,6.3921639,6.392163871970457,1.000000004384985
31,abilene,7,1.0,moving_average,critical_failure_fixed,Denver -> Kansas City & Kansas City -> Denver,4,Denver,Washington DC,6.3374469,6.337446920187708,0.9999999968145361
31,abilene,7,1.0,moving_average,critical_failure_fixed,Denver -> Kansas City & Kansas City -> Denver,5,Houston,Seattle,6.3030301,6.3030300608264165,1.0000000062150398
31,abilene,7,1.0,moving_average,random_failure_fixed,Sunnyvale -> Denver & Denver -> Sunnyvale,1,Kansas City,Sunnyvale,6.3921639,6.392163871970457,1.000000004384985
31,abilene,7,1.0,moving_average,random_failure_fixed,Sunnyvale -> Denver & Denver -> Sunnyvale,2,Sunnyvale,Chicago,5.6035904,5.603590360526411,1.0000000070443387
31,abilene,7,1.0,moving_average,random_failure_fixed,Sunnyvale -> Denver & Denver -> Sunnyvale,3,Chicago,Sunnyvale,5.4972382,5.4972381696151125,1.0000000055273006
31,abilene,7,1.0,moving_average,random_failure_fixed,Sunnyvale -> Denver & Denver -> Sunnyvale,4,Denver,Sunnyvale,5.4951098,5.4951098132159215,0.9999999975949668
31,abilene,7,1.0,moving_average,random_failure_fixed,Sunnyvale -> Denver & Denver -> Sunnyvale,5,Los Angeles,Denver,5.383086,5.383086001221243,0.9999999997731331
31,abilene,7,1.0,linear_autoregressive,critical_failure_fixed,Denver -> Kansas City & Kansas City -> Denver,1,Denver,Indianapolis,4.5977955,4.597795529439347,0.9999999935970735
31,abilene,7,1.0,linear_autoregressive,critical_failure_fixed,Denver -> Kansas City & Kansas City -> Denver,2,Indianapolis,Seattle,4.475195,4.475195004096184,0.9999999990846915
31,abilene,7,1.0,linear_autoregressive,critical_failure_fixed,Denver -> Kansas City & Kansas City -> Denver,3,Kansas City,Sunnyvale,4.4428474,4.442847386391569,1.0000000030629976
31,abilene,7,1.0,linear_autoregressive,critical_failure_fixed,Denver -> Kansas City & Kansas City -> Denver,4,Houston,Seattle,4.428028,4.428028005666482,0.9999999987203149
31,abilene,7,1.0,linear_autoregressive,critical_failure_fixed,Denver -> Kansas City & Kansas City -> Denver,5,Seattle,Houston,4.3844499,4.3844499466582185,0.9999999893582504
31,abilene,7,1.0,linear_autoregressive,random_failure_fixed,Sunnyvale -> Denver & Denver -> Sunnyvale,1,Kansas City,Sunnyvale,4.4428474,4.442847386391569,1.0000000030629976
31,abilene,7,1.0,linear_autoregressive,random_failure_fixed,Sunnyvale -> Denver & Denver -> Sunnyvale,2,Los Angeles,Denver,3.9845138,3.98451381133905,0.99999999715422
31,abilene,7,1.0,linear_autoregressive,random_failure_fixed,Sunnyvale -> Denver & Denver -> Sunnyvale,3,Sunnyvale,Chicago,3.7551116,3.755111634885702,0.9999999907098096
31,abilene,7,1.0,linear_autoregressive,random_failure_fixed,Sunnyvale -> Denver & Denver -> Sunnyvale,4,Sunnyvale,Kansas City,3.6214231,3.621423149575837,0.9999999863103992
31,abilene,7,1.0,linear_autoregressive,random_failure_fixed,Sunnyvale -> Denver & Denver -> Sunnyvale,5,Atlanta,Sunnyvale,3.5486538,3.548653771039191,1.0000000081610692
31,abilene,7,1.0,lstm,critical_failure_fixed,Kansas City -> Indianapolis & Indianapolis -> Kansas City,1,Chicago,Los Angeles,5.147253,5.147253036499023,0.9999999929090287
31,abilene,7,1.0,lstm,critical_failure_fixed,Kansas City -> Indianapolis & Indianapolis -> Kansas City,2,Denver,Washington DC,5.019197,5.0191969871521,1.0000000025597522
31,abilene,7,1.0,lstm,critical_failure_fixed,Kansas City -> Indianapolis & Indianapolis -> Kansas City,3,Denver,Indianapolis,4.9113488,4.911348819732666,0.9999999959822308
31,abilene,7,1.0,lstm,critical_failure_fixed,Kansas City -> Indianapolis & Indianapolis -> Kansas City,4,Indianapolis,Seattle,4.8860373,4.886037349700928,0.9999999898279681
31,abilene,7,1.0,lstm,critical_failure_fixed,Kansas City -> Indianapolis & Indianapolis -> Kansas City,5,Kansas City,New York,4.7997189,4.799718856811523,1.0000000089981265
31,abilene,7,1.0,lstm,random_failure_fixed,Sunnyvale -> Denver & Denver -> Sunnyvale,1,Kansas City,Sunnyvale,4.9054322,4.905432224273682,0.9999999950516733
31,abilene,7,1.0,lstm,random_failure_fixed,Sunnyvale -> Denver & Denver -> Sunnyvale,2,Sunnyvale,Chicago,4.2802639,4.280263900756836,0.99999999982318
31,abilene,7,1.0,lstm,random_failure_fixed,Sunnyvale -> Denver & Denver -> Sunnyvale,3,Chicago,Sunnyvale,4.1856308,4.185630798339844,1.0000000003966323
31,abilene,7,1.0,lstm,random_failure_fixed,Sunnyvale -> Denver & Denver -> Sunnyvale,4,Denver,Sunnyvale,4.1433272,4.143327236175537,0.9999999912689644
31,abilene,7,1.0,lstm,random_failure_fixed,Sunnyvale -> Denver & Denver -> Sunnyvale,5,Los Angeles,Denver,4.0544467,4.054446697235107,1.0000000006819407
31,abilene,7,1.0,transformer,critical_failure_fixed,Denver -> Kansas City & Kansas City -> Denver,1,Denver,Washington DC,4.4117241,4.411724090576172,1.0000000021360873
31,abilene,7,1.0,transformer,critical_failure_fixed,Denver -> Kansas City & Kansas City -> Denver,2,Indianapolis,Seattle,4.1988888,4.198888778686523,1.0000000050759803
31,abilene,7,1.0,transformer,critical_failure_fixed,Denver -> Kansas City & Kansas City -> Denver,3,Denver,Atlanta,4.1449456,4.1449456214904785,0.9999999948152568
31,abilene,7,1.0,transformer,critical_failure_fixed,Denver -> Kansas City & Kansas City -> Denver,4,Seattle,Houston,4.1313825,4.131382465362549,1.0000000083839855
31,abilene,7,1.0,transformer,critical_failure_fixed,Denver -> Kansas City & Kansas City -> Denver,5,Kansas City,Sunnyvale,4.1266398,4.1266398429870605,0.9999999895830356
31,abilene,7,1.0,transformer,random_failure_fixed,Sunnyvale -> Denver & Denver -> Sunnyvale,1,Kansas City,Sunnyvale,4.1266398,4.1266398429870605,0.9999999895830356
31,abilene,7,1.0,transformer,random_failure_fixed,Sunnyvale -> Denver & Denver -> Sunnyvale,2,Chicago,Sunnyvale,3.668685,3.668684959411621,1.0000000110634681
31,abilene,7,1.0,transformer,random_failure_fixed,Sunnyvale -> Denver & Denver -> Sunnyvale,3,Sunnyvale,Chicago,3.5221844,3.522184371948242,1.000000007964307
31,abilene,7,1.0,transformer,random_failure_fixed,Sunnyvale -> Denver & Denver -> Sunnyvale,4,Denver,Sunnyvale,3.4743061,3.474306106567383,0.9999999981097283
31,abilene,7,1.0,transformer,random_failure_fixed,Sunnyvale -> Denver & Denver -> Sunnyvale,5,Los Angeles,Denver,3.3903139,3.3903138637542725,1.0000000106909652
32,abilene,7,1.0,moving_average,critical_failure_fixed,Denver -> Kansas City & Kansas City -> Denver,1,Denver,Indianapolis,5.9823651,5.982365080505626,1.00000000325864
32,abilene,7,1.0,moving_average,critical_failure_fixed,Denver -> Kansas City & Kansas City -> Denver,2,Indianapolis,Seattle,5.8904065,5.8904065421597815,0.9999999928426364
32,abilene,7,1.0,moving_average,critical_failure_fixed,Denver -> Kansas City & Kansas City -> Denver,3,Denver,Washington DC,5.7905895,5.790589464616719,1.0000000061104801
32,abilene,7,1.0,moving_average,critical_failure_fixed,Denver -> Kansas City & Kansas City -> Denver,4,Kansas City,Sunnyvale,5.7534738,5.753473829532074,0.9999999948670882
32,abilene,7,1.0,moving_average,critical_failure_fixed,Denver -> Kansas City & Kansas City -> Denver,5,Houston,Seattle,5.6590473,5.659047260609321,1.0000000069606556
32,abilene,7,1.0,moving_average,random_failure_fixed,Houston -> Atlanta & Atlanta -> Houston,1,Washington DC,Los Angeles,6.8408524,6.840852370378769,1.0000000043300497
32,abilene,7,1.0,moving_average,random_failure_fixed,Houston -> Atlanta & Atlanta -> Houston,2,Atlanta,Los Angeles,5.6557216,5.655721561967834,1.0000000067245471
32,abilene,7,1.0,moving_average,random_failure_fixed,Houston -> Atlanta & Atlanta -> Houston,3,Denver,Atlanta,5.6076655,5.607665528376167,0.9999999949397541
32,abilene,7,1.0,moving_average,random_failure_fixed,Houston -> Atlanta & Atlanta -> Houston,4,New York,Los Angeles,5.5437106,5.543710575067601,1.0000000044974209
32,abilene,7,1.0,moving_average,random_failure_fixed,Houston -> Atlanta & Atlanta -> Houston,5,New York,Houston,5.3798155,5.379815516065784,0.9999999970136925
32,abilene,7,1.0,linear_autoregressive,critical_failure_fixed,Denver -> Kansas City & Kansas City -> Denver,1,Denver,Washington DC,3.9958591,3.9958590998077725,1.0000000000481066
32,abilene,7,1.0,linear_autoregressive,critical_failure_fixed,Denver -> Kansas City & Kansas City -> Denver,2,Indianapolis,Seattle,3.8378272,3.837827202796415,0.9999999992713546
32,abilene,7,1.0,linear_autoregressive,critical_failure_fixed,Denver -> Kansas City & Kansas City -> Denver,3,Houston,Seattle,3.816104,3.8161040328803137,0.9999999913838005
32,abilene,7,1.0,linear_autoregressive,critical_failure_fixed,Denver -> Kansas City & Kansas City -> Denver,4,Denver,Indianapolis,3.7975076,3.7975075519132027,1.000000012662726
32,abilene,7,1.0,linear_autoregressive,critical_failure_fixed,Denver -> Kansas City & Kansas City -> Denver,5,Seattle,Houston,3.7896317,3.7896317340839496,0.9999999910059996
32,abilene,7,1.0,linear_autoregressive,random_failure_fixed,Houston -> Atlanta & Atlanta -> Houston,1,New York,Los Angeles,3.7276304,3.7276304076924176,0.9999999979363786
32,abilene,7,1.0,linear_autoregressive,random_failure_fixed,Houston -> Atlanta & Atlanta -> Houston,2,Atlanta,Los Angeles,3.7180281,3.7180280595740927,1.000000010872943
32,abilene,7,1.0,linear_autoregressive,random_failure_fixed,Houston -> Atlanta & Atlanta -> Houston,3,Washington DC,Los Angeles,3.6511348,3.651134831796142,0.9999999912914358
32,abilene,7,1.0,linear_autoregressive,random_failure_fixed,Houston -> Atlanta & Atlanta -> Houston,4,Atlanta,Houston,3.4434969,3.4434968503067207,1.0000000144310512
32,abilene,7,1.0,linear_autoregressive,random_failure_fixed,Houston -> Atlanta & Atlanta -> Houston,5,Denver,Atlanta,3.4091418,3.4091418201209915,0.9999999940979306
32,abilene,7,1.0,lstm,critical_failure_fixed,Kansas City -> Indianapolis & Indianapolis -> Kansas City,1,Chicago,Los Angeles,5.147253,5.147253036499023,0.9999999929090287
32,abilene,7,1.0,lstm,critical_failure_fixed,Kansas City -> Indianapolis & Indianapolis -> Kansas City,2,Denver,Washington DC,5.019197,5.0191969871521,1.0000000025597522
32,abilene,7,1.0,lstm,critical_failure_fixed,Kansas City -> Indianapolis & Indianapolis -> Kansas City,3,Denver,Indianapolis,4.9113483,4.911348342895508,0.9999999912660426
32,abilene,7,1.0,lstm,critical_failure_fixed,Kansas City -> Indianapolis & Indianapolis -> Kansas City,4,Indianapolis,Seattle,4.8860373,4.886037349700928,0.9999999898279681
32,abilene,7,1.0,lstm,critical_failure_fixed,Kansas City -> Indianapolis & Indianapolis -> Kansas City,5,Kansas City,New York,4.7997189,4.799718856811523,1.0000000089981265
32,abilene,7,1.0,lstm,random_failure_fixed,Houston -> Atlanta & Atlanta -> Houston,1,Washington DC,Los Angeles,5.2452998,5.245299816131592,0.9999999969245624
32,abilene,7,1.0,lstm,random_failure_fixed,Houston -> Atlanta & Atlanta -> Houston,2,New York,Los Angeles,4.7720571,4.772057056427002,1.0000000091308627
32,abilene,7,1.0,lstm,random_failure_fixed,Houston -> Atlanta & Atlanta -> Houston,3,Atlanta,Los Angeles,4.7599401,4.759940147399902,0.9999999900419121
32,abilene,7,1.0,lstm,random_failure_fixed,Houston -> Atlanta & Atlanta -> Houston,4,Los Angeles,Chicago,4.556859,4.556859016418457,0.9999999963969795
32,abilene,7,1.0,lstm,random_failure_fixed,Houston -> Atlanta & Atlanta -> Houston,5,New York,Houston,4.4616776,4.461677551269531,1.000000010922006
32,abilene,7,1.0,transformer,critical_failure_fixed,Denver -> Kansas City & Kansas City -> Denver,1,Denver,Washington DC,4.2654982,4.265498161315918,1.0000000090690653
32,abilene,7,1.0,transformer,critical_failure_fixed,Denver -> Kansas City & Kansas City -> Denver,2,Indianapolis,Seattle,4.0792336,4.079233646392822,0.9999999886270741
32,abilene,7,1.0,transformer,critical_failure_fixed,Denver -> Kansas City & Kansas City -> Denver,3,Denver,Atlanta,4.0539765,4.053976535797119,0.9999999911698751
32,abilene,7,1.0,transformer,critical_failure_fixed,Denver -> Kansas City & Kansas City -> Denver,4,Seattle,Houston,3.9996443,3.9996442794799805,1.0000000051304612
32,abilene,7,1.0,transformer,critical_failure_fixed,Denver -> Kansas City & Kansas City -> Denver,5,Kansas City,Sunnyvale,3.9711275,3.971127510070801,0.9999999974639946
32,abilene,7,1.0,transformer,random_failure_fixed,Houston -> Atlanta & Atlanta -> Houston,1,Washington DC,Los Angeles,4.5597215,4.55972146987915,1.000000006605853
32,abilene,7,1.0,transformer,random_failure_fixed,Houston -> Atlanta & Atlanta -> Houston,2,Atlanta,Los Angeles,4.1711302,4.171130180358887,1.0000000047088229
32,abilene,7,1.0,transformer,random_failure_fixed,Houston -> Atlanta & Atlanta -> Houston,3,Denver,Atlanta,4.0539765,4.053976535797119,0.9999999911698751
32,abilene,7,1.0,transformer,random_failure_fixed,Houston -> Atlanta & Atlanta -> Houston,4,New York,Los Angeles,3.9123099,3.9123098850250244,1.0000000038276557
32,abilene,7,1.0,transformer,random_failure_fixed,Houston -> Atlanta & Atlanta -> Houston,5,Los Angeles,Chicago,3.7290983,3.729098320007324,0.9999999946348092
33,abilene,7,1.0,moving_average,critical_failure_fixed,Kansas City -> Indianapolis & Indianapolis -> Kansas City,1,Denver,Indianapolis,5.3808128,5.38081284241203,0.999999992117914
33,abilene,7,1.0,moving_average,critical_failure_fixed,Kansas City -> Indianapolis & Indianapolis -> Kansas City,2,Indianapolis,Seattle,5.2344517,5.234451720986186,0.9999999959907575
33,abilene,7,1.0,moving_average,critical_failure_fixed,Kansas City -> Indianapolis & Indianapolis -> Kansas City,3,Chicago,Los Angeles,5.194795,5.194795033660881,0.9999999935202677
33,abilene,7,1.0,moving_average,critical_failure_fixed,Kansas City -> Indianapolis & Indianapolis -> Kansas City,4,Denver,Washington DC,5.1367674,5.136767406672255,0.999999998701079
33,abilene,7,1.0,moving_average,critical_failure_fixed,Kansas City -> Indianapolis & Indianapolis -> Kansas City,5,Kansas City,New York,4.9799995,4.979999530946713,0.9999999937858001
33,abilene,7,1.0,moving_average,random_failure_fixed,Houston -> Atlanta & Atlanta -> Houston,1,Atlanta,Los Angeles,5.0353904,5.035390416578133,0.9999999967076766
33,abilene,7,1.0,moving_average,random_failure_fixed,Houston -> Atlanta & Atlanta -> Houston,2,Washington DC,Los Angeles,5.004534,5.004533967327778,1.0000000065285242
33,abilene,7,1.0,moving_average,random_failure_fixed,Houston -> Atlanta & Atlanta -> Houston,3,New York,Los Angeles,4.9482375,4.948237486192508,1.000000002790386
33,abilene,7,1.0,moving_average,random_failure_fixed,Houston -> Atlanta & Atlanta -> Houston,4,New York,Houston,4.7949437,4.79494371683509,0.9999999964889912
33,abilene,7,1.0,moving_average,random_failure_fixed,Houston -> Atlanta & Atlanta -> Houston,5,Los Angeles,Chicago,4.7803031,4.780303131149588,0.9999999934837631
33,abilene,7,1.0,linear_autoregressive,critical_failure_fixed,Kansas City -> Indianapolis & Indianapolis -> Kansas City,1,Chicago,Los Angeles,4.0519631,4.051963146376942,0.9999999885544512
33,abilene,7,1.0,linear_autoregressive,critical_failure_fixed,Kansas City -> Indianapolis & Indianapolis -> Kansas City,2,Denver,Washington DC,3.854907,3.8549070202817077,0.9999999947387297
33,abilene,7,1.0,linear_autoregressive,critical_failure_fixed,Kansas City -> Indianapolis & Indianapolis -> Kansas City,3,Denver,Indianapolis,3.8100578,3.8100577749304883,1.0000000065798247
33,abilene,7,1.0,linear_autoregressive,critical_failure_fixed,Kansas City -> Indianapolis & Indianapolis -> Kansas City,4,Indianapolis,Seattle,3.7928807,3.7928806648390863,1.00000000927024
33,abilene,7,1.0,linear_autoregressive,critical_failure_fixed,Kansas City -> Indianapolis & Indianapolis -> Kansas City,5,Seattle,Indianapolis,3.6843381,3.6843381424403985,0.9999999884808624
33,abilene,7,1.0,linear_autoregressive,random_failure_fixed,Houston -> Atlanta & Atlanta -> Houston,1,Washington DC,Los Angeles,3.9681715,3.968171499545164,1.0000000001146212
33,abilene,7,1.0,linear_autoregressive,random_failure_fixed,Houston -> Atlanta & Atlanta -> Houston,2,Atlanta,Los Angeles,3.6947345,3.694734544379958,0.999999987988323
33,abilene,7,1.0,linear_autoregressive,random_failure_fixed,Houston -> Atlanta & Atlanta -> Houston,3,New York,Los Angeles,3.5715,3.5714999629861155,1.0000000103636804
33,abilene,7,1.0,linear_autoregressive,random_failure_fixed,Houston -> Atlanta & Atlanta -> Houston,4,Los Angeles,Chicago,3.4954527,3.495452655119575,1.0000000128396604
33,abilene,7,1.0,linear_autoregressive,random_failure_fixed,Houston -> Atlanta & Atlanta -> Houston,5,New York,Houston,3.3720164,3.372016424703083,0.9999999926740918
33,abilene,7,1.0,lstm,critical_failure_fixed,Kansas City -> Indianapolis & Indianapolis -> Kansas City,1,Chicago,Los Angeles,5.147253,5.147253036499023,0.9999999929090287
33,abilene,7,1.0,lstm,critical_failure_fixed,Kansas City -> Indianapolis & Indianapolis -> Kansas City,2,Denver,Washington DC,5.0191979,5.019197940826416,0.9999999918659482
33,abilene,7,1.0,lstm,critical_failure_fixed,Kansas City -> Indianapolis & Indianapolis -> Kansas City,3,Denver,Indianapolis,4.9113517,4.911351680755615,1.0000000039183479
33,abilene,7,1.0,lstm,critical_failure_fixed,Kansas City -> Indianapolis & Indianapolis -> Kansas City,4,Indianapolis,Seattle,4.8860421,4.88604211807251,0.9999999963011965
33,abilene,7,1.0,lstm,critical_failure_fixed,Kansas City -> Indianapolis & Indianapolis -> Kansas City,5,Kansas City,New York,4.7997193,4.799719333648682,0.999999992989448
33,abilene,7,1.0,lstm,random_failure_fixed,Houston -> Atlanta & Atlanta -> Houston,1,Washington DC,Los Angeles,5.2453022,5.245302200317383,0.9999999999394921
33,abilene,7,1.0,lstm,random_failure_fixed,Houston -> Atlanta & Atlanta -> Houston,2,New York,Los Angeles,4.7720594,4.772059440612793,0.9999999914894621
33,abilene,7,1.0,lstm,random_failure_fixed,Houston -> Atlanta & Atlanta -> Houston,3,Atlanta,Los Angeles,4.7599397,4.759939670562744,1.000000006184376
33,abilene,7,1.0,lstm,random_failure_fixed,Houston -> Atlanta & Atlanta -> Houston,4,Los Angeles,Chicago,4.55686,4.556859970092773,1.0000000065631218
33,abilene,7,1.0,lstm,random_failure_fixed,Houston -> Atlanta & Atlanta -> Houston,5,New York,Houston,4.4616761,4.461676120758057,0.9999999953474757
33,abilene,7,1.0,transformer,critical_failure_fixed,Denver -> Kansas City & Kansas City -> Denver,1,Denver,Washington DC,4.2396898,4.239689826965332,0.9999999936397865
33,abilene,7,1.0,transformer,critical_failure_fixed,Denver -> Kansas City & Kansas City -> Denver,2,Indianapolis,Seattle,4.0672879,4.067287921905518,0.9999999946142202
33,abilene,7,1.0,transformer,critical_failure_fixed,Denver -> Kansas City & Kansas City -> Denver,3,Denver,Atlanta,4.055717,4.0557169914245605,1.0000000021144075
33,abilene,7,1.0,transformer,critical_failure_fixed,Denver -> Kansas City & Kansas City -> Denver,4,Seattle,Houston,3.9882889,3.9882888793945312,1.0000000051664937
33,abilene,7,1.0,transformer,critical_failure_fixed,Denver -> Kansas City & Kansas City -> Denver,5,Denver,Indianapolis,3.9492095,3.949209451675415,1.0000000122365211
33,abilene,7,1.0,transformer,random_failure_fixed,Houston -> Atlanta & Atlanta -> Houston,1,Washington DC,Los Angeles,4.5407858,4.540785789489746,1.0000000023146334
33,abilene,7,1.0,transformer,random_failure_fixed,Houston -> Atlanta & Atlanta -> Houston,2,Atlanta,Los Angeles,4.1648808,4.164880752563477,1.0000000113896474
33,abilene,7,1.0,transformer,random_failure_fixed,Houston -> Atlanta & Atlanta -> Houston,3,Denver,Atlanta,4.055717,4.0557169914245605,1.0000000021144075
33,abilene,7,1.0,transformer,random_failure_fixed,Houston -> Atlanta & Atlanta -> Houston,4,New York,Los Angeles,3.8872378,3.887237787246704,1.0000000032808118
33,abilene,7,1.0,transformer,random_failure_fixed,Houston -> Atlanta & Atlanta -> Houston,5,Los Angeles,Chicago,3.7052865,3.7052865028381348,0.999999999234031
34,abilene,7,1.0,moving_average,critical_failure_fixed,Denver -> Kansas City & Kansas City -> Denver,1,Indianapolis,Seattle,4.7557304,4.755730423644965,0.9999999950281108
34,abilene,7,1.0,moving_average,critical_failure_fixed,Denver -> Kansas City & Kansas City -> Denver,2,Denver,Indianapolis,4.7491456,4.749145592692103,1.0000000015387815
34,abilene,7,1.0,moving_average,critical_failure_fixed,Denver -> Kansas City & Kansas City -> Denver,3,Denver,Washington DC,4.5633792,4.563379244019596,0.9999999903537283
34,abilene,7,1.0,moving_average,critical_failure_fixed,Denver -> Kansas City & Kansas City -> Denver,4,Kansas City,Sunnyvale,4.4930299,4.4930299498218895,0.9999999889112936
34,abilene,7,1.0,moving_average,critical_failure_fixed,Denver -> Kansas City & Kansas City -> Denver,5,Seattle,Houston,4.47074,4.470740021790418,0.9999999951259931
34,abilene,7,1.0,moving_average,random_failure_fixed,New York -> Chicago & Chicago -> New York,1,New York,Chicago,4.4994223,4.499422327772073,0.9999999938276359
34,abilene,7,1.0,moving_average,random_failure_fixed,New York -> Chicago & Chicago -> New York,2,Kansas City,New York,4.4242752,4.424275201688528,0.9999999996183493
34,abilene,7,1.0,moving_average,random_failure_fixed,New York -> Chicago & Chicago -> New York,3,New York,Kansas City,4.3347319,4.334731935831699,0.9999999917338145
34,abilene,7,1.0,moving_average,random_failure_fixed,New York -> Chicago & Chicago -> New York,4,Indianapolis,New York,4.045265,4.045265042590705,0.9999999894714673
34,abilene,7,1.0,moving_average,random_failure_fixed,New York -> Chicago & Chicago -> New York,5,Chicago,Washington DC,3.2323246,3.2323246069631826,0.9999999978457663
34,abilene,7,1.0,linear_autoregressive,critical_failure_fixed,Denver -> Kansas City & Kansas City -> Denver,1,Denver,Washington DC,3.7555178,3.7555177699812266,1.000000007993245
34,abilene,7,1.0,linear_autoregressive,critical_failure_fixed,Denver -> Kansas City & Kansas City -> Denver,2,Denver,Indianapolis,3.6105857,3.610585743167609,0.9999999880441535
34,abilene,7,1.0,linear_autoregressive,critical_failure_fixed,Denver -> Kansas City & Kansas City -> Denver,3,Indianapolis,Seattle,3.6017058,3.6017057977872695,1.0000000006143563
34,abilene,7,1.0,linear_autoregressive,critical_failure_fixed,Denver -> Kansas City & Kansas City -> Denver,4,Kansas City,Sunnyvale,3.481364,3.481364036810428,0.9999999894264353
34,abilene,7,1.0,linear_autoregressive,critical_failure_fixed,Denver -> Kansas City & Kansas City -> Denver,5,Houston,Seattle,3.4599716,3.4599716180578026,0.999999994780939
34,abilene,7,1.0,linear_autoregressive,random_failure_fixed,New York -> Chicago & Chicago -> New York,1,Kansas City,New York,3.4715843,3.471584328667114,0.9999999917423541
34,abilene,7,1.0,linear_autoregressive,random_failure_fixed,New York -> Chicago & Chicago -> New York,2,New York,Chicago,3.3446894,3.34468938572394,1.0000000042682768
34,abilene,7,1.0,linear_autoregressive,random_failure_fixed,New York -> Chicago & Chicago -> New York,3,Indianapolis,New York,3.3198538,3.3198537701948396,1.0000000089778533
34,abilene,7,1.0,linear_autoregressive,random_failure_fixed,New York -> Chicago & Chicago -> New York,4,New York,Kansas City,3.1310809,3.1310809070511207,0.9999999977480235
34,abilene,7,1.0,linear_autoregressive,random_failure_fixed,New York -> Chicago & Chicago -> New York,5,Chicago,Washington DC,2.4746507,2.474650652545405,1.0000000191762806
34,abilene,7,1.0,lstm,critical_failure_fixed,Kansas City -> Indianapolis & Indianapolis -> Kansas City,1,Chicago,Los Angeles,5.147253,5.147253036499023,0.9999999929090287
34,abilene,7,1.0,lstm,critical_failure_fixed,Kansas City -> Indianapolis & Indianapolis -> Kansas City,2,Denver,Washington DC,5.0191975,5.019197463989258,1.0000000071746016
34,abilene,7,1.0,lstm,critical_failure_fixed,Kansas City -> Indianapolis & Indianapolis -> Kansas City,3,Denver,Indianapolis,4.9113517,4.911351680755615,1.0000000039183479
34,abilene,7,1.0,lstm,critical_failure_fixed,Kansas City -> Indianapolis & Indianapolis -> Kansas City,4,Indianapolis,Seattle,4.8860421,4.88604211807251,0.9999999963011965
34,abilene,7,1.0,lstm,critical_failure_fixed,Kansas City -> Indianapolis & Indianapolis -> Kansas City,5,Kansas City,New York,4.7997193,4.799719333648682,0.999999992989448
34,abilene,7,1.0,lstm,random_failure_fixed,New York -> Chicago & Chicago -> New York,1,Kansas City,New York,4.7997193,4.799719333648682,0.999999992989448
34,abilene,7,1.0,lstm,random_failure_fixed,New York -> Chicago & Chicago -> New York,2,New York,Chicago,4.7067952,4.7067952156066895,0.9999999966842217
34,abilene,7,1.0,lstm,random_failure_fixed,New York -> Chicago & Chicago -> New York,3,Indianapolis,New York,4.475492,4.475492000579834,0.9999999998704424
34,abilene,7,1.0,lstm,random_failure_fixed,New York -> Chicago & Chicago -> New York,4,New York,Kansas City,4.3634233,4.3634233474731445,0.9999999891202066
34,abilene,7,1.0,lstm,random_failure_fixed,New York -> Chicago & Chicago -> New York,5,Chicago,Washington DC,3.4215381,3.4215381145477295,0.9999999957481901
34,abilene,7,1.0,transformer,critical_failure_fixed,Denver -> Kansas City & Kansas City -> Denver,1,Denver,Washington DC,4.3212976,4.321297645568848,0.9999999894548233
34,abilene,7,1.0,transformer,critical_failure_fixed,Denver -> Kansas City & Kansas City -> Denver,2,Indianapolis,Seattle,4.1328702,4.132870197296143,1.0000000006542324
34,abilene,7,1.0,transformer,critical_failure_fixed,Denver -> Kansas City & Kansas City -> Denver,3,Denver,Atlanta,4.1328654,4.1328654289245605,0.9999999930013301
34,abilene,7,1.0,transformer,critical_failure_fixed,Denver -> Kansas City & Kansas City -> Denver,4,Seattle,Houston,4.0815063,4.081506252288818,1.0000000116896015
34,abilene,7,1.0,transformer,critical_failure_fixed,Denver -> Kansas City & Kansas City -> Denver,5,Denver,Indianapolis,4.0333462,4.033346176147461,1.0000000059138339
34,abilene,7,1.0,transformer,random_failure_fixed,New York -> Chicago & Chicago -> New York,1,Kansas City,New York,4.0414996,4.041499614715576,0.9999999963588821
34,abilene,7,1.0,transformer,random_failure_fixed,New York -> Chicago & Chicago -> New York,2,New York,Chicago,3.911289,3.9112889766693115,1.0000000059649616
34,abilene,7,1.0,transformer,random_failure_fixed,New York -> Chicago & Chicago -> New York,3,New York,Kansas City,3.7474678,3.7474677562713623,1.0000000116688497
34,abilene,7,1.0,transformer,random_failure_fixed,New York -> Chicago & Chicago -> New York,4,Indianapolis,New York,3.6607985,3.6607985496520996,0.9999999864368118
34,abilene,7,1.0,transformer,random_failure_fixed,New York -> Chicago & Chicago -> New York,5,Chicago,Washington DC,2.7872612,2.7872612476348877,0.9999999829097873
