method,prediction_mae,prediction_rmse,nominal_max_utilization,critical_failure_reopt_max_utilization,random_failure_reopt_max_utilization,critical_failure_fixed_served_fraction,random_failure_fixed_served_fraction,critical_failure_fixed_disrupted_fraction,random_failure_fixed_disrupted_fraction,critical_failure_fixed_fairness,random_failure_fixed_fairness,uncertainty_mean,uncertainty_max,routing_demand_inflation_ratio,robust_nominal_utilization,robust_worst_case_utilization,topology,load_scale,seed
linear_autoregressive,0.5496968421246018,0.7163257276719943,0.30346543306324786,0.5727493094584616,0.5148356485175825,0.7335789780523496,0.837290232747757,0.26642102194765044,0.16270976725224304,0.7599408332666275,0.8434095592503402,,,,,,sample,0.8,7
lstm,0.38334201400332546,0.5056754488177282,0.3164420572649573,0.6012399056030769,0.5568249905746521,0.7348744313939269,0.8381026374776922,0.265125568606073,0.1618973625223078,0.7575558689487748,0.8483841208754962,,,,,,sample,0.8,7
uncertainty_aware_lstm_robust_lp,0.38334201400332546,0.5056754488177282,0.3271272171233211,0.6215417095076923,0.575205428452503,0.7411939736468369,0.8365193975135197,0.2588060263531631,0.1634806024864803,0.7848026118166084,0.8486944474960558,0.30334728956222534,0.8261833190917969,1.0299529042698934,0.32712721615384616,0.621541706923077,sample,0.8,7
robust_current_demand_lp,0.3762092119496004,0.5500243526289516,0.32992797775824173,0.6268631551384616,0.5812232600534799,0.7395715083590223,0.8358579577591206,0.26042849164097764,0.16414204224087936,0.7748172231588377,0.8449514736677871,,,,0.3299279753846154,0.6268631538461539,sample,0.8,7
current_demand_lp,0.3762092119496004,0.5500243526289516,0.32992797807228325,0.6268631551384616,0.5812232600534799,0.7361402733491599,0.837649984399441,0.2638597266508401,0.1623500156005589,0.75745236045307,0.8468964552439537,,,,,,sample,0.8,7
moving_average,0.6406927900560405,0.7944016710042483,0.33561276272820517,0.6376642463384615,0.5953968665194139,0.7363181960393663,0.8387779791514485,0.2636818039606337,0.16122202084855147,0.7543108023142813,0.8471569762529317,,,,,,sample,0.8,7
lstm,0.3641178232960873,0.48998738113165463,0.3151461873199023,0.5987777538461538,0.5450692961868131,0.7241595135418178,0.8326114424481973,0.27584048645818215,0.16738855755180268,0.7762727622836659,0.8525409149595077,,,,,,sample,0.8,11
uncertainty_aware_lstm_robust_lp,0.3641178232960873,0.48998738113165463,0.3241961854065934,0.6159727495384615,0.5598823858937728,0.7249696776989272,0.8323624436167717,0.2750303223010729,0.16763755638322822,0.7725527280195703,0.8502501692371182,0.26690784096717834,0.6551886796951294,1.0257668096934687,0.3241961823076923,0.6159727484615385,sample,0.8,11
robust_current_demand_lp,0.3846038295138936,0.5648219362466915,0.3276834026119658,0.6221922240000001,0.5607031906769231,0.727286921157002,0.8377809138435703,0.272713078842998,0.1622190861564296,0.7651264191522971,0.8534002604202177,,,,0.32768339769230764,0.6221922223076923,sample,0.8,11
current_demand_lp,0.3846038295138936,0.5648219362466915,0.3276834028776557,0.6221922240000001,0.5607031906769231,0.725851331440456,0.8394658641271521,0.27414866855954395,0.16053413587284793,0.7676025146544814,0.8562892880745819,,,,,,sample,0.8,11
moving_average,0.6451561054891056,0.800326797448893,0.3301615118969475,0.6273068698461538,0.5782266066764347,0.7233813074114741,0.835016797059506,0.2766186925885259,0.16498320294049396,0.7674993266669639,0.851705771291276,,,,,,sample,0.8,11
linear_autoregressive,0.47225671108499145,0.6345753786251558,0.34293967267252745,0.6511539658153846,0.6135572391819292,0.7195953441312384,0.8295259127533574,0.28040465586876173,0.17047408724664267,0.7676277799616512,0.8455920240477792,,,,,,sample,0.8,11
lstm,0.7085363985042549,0.8708845185411044,0.37165807768703296,0.7061503454461538,0.6606722899355311,0.7350343039185316,0.8387189683350341,0.26496569608146847,0.16128103166496588,0.7559617844846349,0.848126113869764,,,,,,sample,1.0,7
linear_autoregressive,0.6403185256217238,0.8241517445168522,0.37792004140903546,0.714859627323077,0.6444940144791208,0.7328328180003503,0.8371597925420952,0.2671671819996497,0.16284020745790476,0.7592173514709051,0.84383166743899,,,,,,sample,1.0,7
uncertainty_aware_lstm_robust_lp,0.7085363985042549,0.8708845185411044,0.38845793402197804,0.738070072123077,0.6900230785682541,0.7426290370063715,0.8369005894629564,0.25737096299362844,0.1630994105370437,0.784949869966191,0.8476568102860207,0.5049170851707458,1.1676515340805054,1.041395764851977,0.38845793230769227,0.7380700715384615,sample,1.0,7
robust_current_demand_lp,0.4360877799487067,0.6414838053172621,0.412567450647033,0.7838781534984616,0.726211626054945,0.7393717893801539,0.8359487009838116,0.26062821061984603,0.16405129901618842,0.7752823625329358,0.8448312028556659,,,,0.4125674476923077,0.7838781569230769,sample,1.0,7
current_demand_lp,0.4360877799487067,0.6414838053172621,0.4125674507130647,0.7838781534984616,0.726211626054945,0.7359607760240306,0.8378226441401634,0.26403922397596935,0.16217735585983653,0.7572259268792014,0.8472289814935444,,,,,,sample,1.0,7
moving_average,0.790974102562675,0.9707541940406998,0.41970446493186814,0.7974384797846154,0.7444675057929182,0.7361423961732041,0.8388568365867067,0.263857603826796,0.1611431634132933,0.7547380498231901,0.8475915116573707,,,,,,sample,1.0,7
lstm,0.46776703744505915,0.6083043137747736,0.3882050086843956,0.737589512923077,0.6734120761074481,0.7246379599503261,0.8327818245570756,0.275362040049674,0.16721817544292447,0.7762599107794402,0.8528319960431254,,,,,,sample,1.0,11
uncertainty_aware_lstm_robust_lp,0.46776703744505915,0.6083043137747736,0.3994147291687424,0.7588879833846154,0.6922490010146519,0.7252184411738222,0.832830323925763,0.27478155882617783,0.16716967607423708,0.7722761764074237,0.8507688139370024,0.34022825956344604,0.8198422789573669,1.026345825477692,0.3994147269230769,0.7588879807692308,sample,1.0,11
current_demand_lp,0.44323971657440986,0.6519068767459617,0.4079898025714286,0.7750571310769231,0.6995494577008547,0.7242884668810465,0.8384761241505246,0.2757115331189534,0.16152387584947536,0.7670232740255358,0.8557341042186469,,,,,,sample,1.0,11
robust_current_demand_lp,0.44323971657440986,0.6519068767459617,0.4079898025836386,0.7750571310769231,0.6995494577008547,0.7258665524412012,0.8368875511581477,0.2741334475587988,0.1631124488418523,0.76319552676942,0.8524426556278121,,,,0.40798979999999996,0.7750571307692307,sample,1.0,11
moving_average,0.7971486600171859,0.975208466279008,0.4125097476307692,0.7837685169230769,0.7220444361465201,0.7234434213571365,0.8348362354446646,0.2765565786428636,0.1651637645553355,0.767709683807336,0.8516839062651536,,,,,,sample,1.0,11
linear_autoregressive,0.5418517791281541,0.7197896513019076,0.42842969705494505,0.8139198039384615,0.7654823684725275,0.7203532592420423,0.8297083637566767,0.2796467407579578,0.1702916362433233,0.7686699323741111,0.8464629967046453,,,,,,sample,1.0,11
linear_autoregressive,0.738057555450776,0.9387759636370928,0.4526816962905983,0.8568211112676922,0.7740440658333333,0.7324787306712045,0.8368941780420781,0.2675212693287955,0.16310582195792186,0.7585721884598068,0.8441595981192275,,,,,,sample,1.2,7
lstm,0.5386292898237282,0.6965577250642436,0.4768878329416361,0.9060868803692308,0.8416486336996337,0.7355267694390787,0.8383364864177533,0.26447323056092126,0.1616635135822468,0.7570335718685773,0.8477633885501195,,,,,,sample,1.2,7
uncertainty_aware_lstm_robust_lp,0.5386292898237282,0.6965577250642436,0.49142379545201464,0.9337052075692308,0.8664288131299146,0.7416458738583835,0.8367597571876519,0.25835412614161646,0.16324024281234806,0.7831572814233791,0.8469735036179974,0.3956942558288574,1.2126723527908325,1.0257485214564297,0.4914237930769231,0.93370521,sample,1.2,7
robust_current_demand_lp,0.5018958154219131,0.7371545327009051,0.49520692348766787,0.9408931520338462,0.8711999921675214,0.7390958332552915,0.8359326378944647,0.2609041667447085,0.16406736210553535,0.7755845112370298,0.8447665631604806,,,,0.4952069223076923,0.9408931461538461,sample,1.2,7
current_demand_lp,0.5018958154219131,0.7371545327009051,0.4952069236444444,0.9408931520338462,0.8711999921675214,0.7359323332133224,0.8379067373375515,0.26406766678667765,0.16209326266244845,0.7572868542065783,0.8474190434769386,,,,,,sample,1.2,7
moving_average,0.941846568526376,1.1495414652126061,0.5037961656957265,0.9572127130153846,0.8935381449355311,0.7360494762492414,0.8388677823913563,0.2639505237507586,0.1611322176086437,0.7550770874178695,0.8478921542233823,,,,,,sample,1.2,7
lstm,0.8467122245872079,1.0218313441112394,0.4376720902705739,0.8315769692307692,0.765658353947497,0.7249664196100908,0.833047670771428,0.2750335803899092,0.166952329228572,0.7783340279521986,0.8540555626696265,,,,,,sample,1.2,11
uncertainty_aware_lstm_robust_lp,0.8467122245872079,1.0218313441112394,0.45577708463736266,0.8659764590769231,0.7972772918571428,0.7254440323754203,0.8332274925310549,0.2745559676245796,0.16677250746894517,0.7717234759062467,0.8510139557345853,0.5877714157104492,1.1208404302597046,1.0393892603662318,0.4557770830769231,0.8659764569230769,sample,1.2,11
current_demand_lp,0.5075245882782318,0.7432308414291279,0.48839692574505494,0.927954156276923,0.8385959754542125,0.7233424080627783,0.8378686954886466,0.27665759193722167,0.16213130451135332,0.7665266510504131,0.85528208295936,,,,,,sample,1.2,11
robust_current_demand_lp,0.5075245882782318,0.7432308414291279,0.4883969260200244,0.927954156276923,0.8385959754542125,0.7250154114093145,0.836195691480314,0.27498458859068553,0.16380430851968605,0.7619880827142222,0.8517005729753995,,,,0.4883969230769231,0.9279541569230769,sample,1.2,11
moving_average,0.9503702778346271,1.1523153709835416,0.49485798356156285,0.940230164923077,0.8658622643089132,0.7234845379647648,0.8347156410061822,0.27651546203523525,0.16528435899381785,0.7677761680361095,0.8516487587154014,,,,,,sample,1.2,11
linear_autoregressive,0.6178640564582829,0.8106156352817049,0.5143247330373627,0.9772169900615384,0.917752296991453,0.7211904178923779,0.8298748842384129,0.278809582107622,0.17012511576158706,0.7695578453459146,0.846882459081982,,,,,,sample,1.2,11
lstm,0.7254338673176309,0.8253332299803529,0.7593377625641027,2.024900695555556,0.9929695972051282,0.6825835780978013,0.8347133502572304,0.3174164219021986,0.16528664974276958,0.6887850407435946,0.8355721105901404,,,,,,abilene,0.8,7
linear_autoregressive,0.3699004561541906,0.4713041053547732,0.7977379703555556,1.997430224957265,1.0576430348401709,0.6825827815400645,0.8358667665408036,0.31741721845993565,0.16413323345919634,0.6893192488492232,0.8359873605653334,,,,,,abilene,0.8,7
uncertainty_aware_lstm_robust_lp,0.7254338673176309,0.8253332299803529,0.7985035758632477,1.7446124556410258,1.0436516381965812,0.6811844807289685,0.8373122935567564,0.31881551927103136,0.1626877064432436,0.6946420359042479,0.8385180845180421,0.56535804271698,1.1736900806427002,1.0500206932638876,0.7985035730769231,2.129342884615385,abilene,0.8,7
robust_current_demand_lp,0.38373529734809453,0.5267396474419717,0.8160191209538462,2.1094670076837607,1.0775232957470087,0.6810217467818771,0.8346927632592749,0.31897825321812295,0.16530723674072506,0.6886383635008084,0.8350198971160181,,,,0.8160191153846154,2.176050984615385,abilene,0.8,7
current_demand_lp,0.38373529734809453,0.5267396474419717,0.8160191214393162,2.1094670076837607,1.0775232957470087,0.6817121493727012,0.8346949071233288,0.3182878506272988,0.16530509287667117,0.6887272410130432,0.8349052210582878,,,,,,abilene,0.8,7
moving_average,0.6722387426507752,0.7892202049336545,0.8313942239555556,2.101290434017094,1.1055132671837606,0.6827684320363135,0.8378033958772247,0.31723156796368646,0.1621966041227752,0.6892565290082835,0.8375213256625165,,,,,,abilene,0.8,7
lstm,0.6904644662021079,0.7958810218606668,0.7589172225128205,2.023779256923077,0.9654217926623931,0.6767580633944456,0.8334520309687409,0.3232419366055544,0.16654796903125918,0.6909003630697026,0.8374717448085337,,,,,,abilene,0.8,11
linear_autoregressive,0.37767569071515356,0.4891169393018583,0.7949274594290597,1.8818389201709402,1.020584865480342,0.6727662518184249,0.8327673298665359,0.32723374818157513,0.16723267013346405,0.6863817362356114,0.8377768636249372,,,,,,abilene,0.8,11
uncertainty_aware_lstm_robust_lp,0.6904644662021079,0.7958810218606668,0.7987312712820513,2.1299500538461538,1.0162853386324786,0.6717049120248321,0.8330056185859213,0.3282950879751679,0.16699438141407885,0.6954356650172121,0.8382788684321097,0.5539571046829224,1.0859557390213013,1.0513678612351498,0.7987312707692307,2.1299500615384614,abilene,0.8,11
current_demand_lp,0.3837256861735574,0.5349124663324025,0.8219180937562393,1.976369938662393,1.0616041772692308,0.6728443192039827,0.8367591717675087,0.3271556807960173,0.16324082823249128,0.687812560870011,0.8402971999319735,,,,,,abilene,0.8,11
robust_current_demand_lp,0.3837256861735574,0.5349124663324025,0.8219180939384615,2.060001733491453,1.0616041772692308,0.6693205916530081,0.8354294889035019,0.33067940834699205,0.1645705110964981,0.6917544570240598,0.8401565700801432,,,,0.8219180946153847,2.1917815846153847,abilene,0.8,11
moving_average,0.6423337131102531,0.7672000292490643,0.8377860545037948,2.0536776801282053,1.0883771402393163,0.6738598595428661,0.834712577311035,0.3261401404571339,0.16528742268896504,0.6891737002552522,0.8383175696168688,,,,,,abilene,0.8,11
lstm,0.8965149732152585,1.0071108668220174,0.951010289982906,2.082621696923076,1.243975871880342,0.682557894252841,0.8373757544281711,0.31744210574715914,0.1626242455718288,0.6903949568240482,0.8375424284882886,,,,,,abilene,1.0,7
linear_autoregressive,0.4380717462941258,0.5504125459438775,0.9963636072341882,2.515504344615384,1.3208777062222221,0.6828360775516578,0.83496248206198,0.3171639224483422,0.16503751793802002,0.6893152330768882,0.8352852997295085,,,,,,abilene,1.0,7
uncertainty_aware_lstm_robust_lp,0.8965149732152585,1.0071108668220174,0.9986774222564105,2.184337706282051,1.3057762772307693,0.681597453144484,0.837270522808073,0.31840254685551606,0.16272947719192699,0.6950242002043937,0.8384884785789688,0.6871951222419739,1.4424258470535278,1.0485146178492981,0.9986774223076923,2.663139807692308,abilene,1.0,7
robust_current_demand_lp,0.44339768262549983,0.606898227305894,1.0197000939350427,2.5730114559401707,1.346240424880342,0.6799264553817911,0.836273053323494,0.3200735446182089,0.16372694667650606,0.6876251524724033,0.8368437887579891,,,,1.0197000892307693,2.719200246153846,abilene,1.0,7
current_demand_lp,0.44339768262549983,0.606898227305894,1.0197000942564103,2.644904238119658,1.346240424880342,0.6821081631954236,0.8356608677022078,0.3178918368045765,0.16433913229779212,0.6889323656775527,0.8358375184848105,,,,,,abilene,1.0,7
moving_average,0.8298200069938146,0.9608977968479764,1.0387131353846155,2.6249533515811967,1.381344064034188,0.6830147002144127,0.8358334113569781,0.3169852997855873,0.1641665886430219,0.6893390308773724,0.8359507051428875,,,,,,abilene,1.0,7
lstm,0.8538807688842286,0.9700799517821724,0.952754123805128,2.540677656581197,1.2119552641811966,0.6770492558252836,0.8334105944331383,0.32295074417471636,0.16658940556686166,0.6908871401675238,0.8375548221666431,,,,,,abilene,1.0,11
linear_autoregressive,0.4487388290776791,0.5721091095790738,0.9933776906358974,2.5414453615384613,1.275010977059829,0.6751568443022278,0.8327638133294015,0.32484315569777217,0.16723618667059845,0.6893584051661119,0.8376656100485621,,,,,,abilene,1.0,11
uncertainty_aware_lstm_robust_lp,0.8538807688842286,0.9700799517821724,1.0010737066666664,2.669529882222222,1.2736194028290595,0.6717670538770275,0.8314782099663369,0.3282329461229725,0.1685217900336632,0.6904458935607021,0.8369202326270246,0.669678807258606,1.333343267440796,1.0495132227496375,1.0010737,2.6695299,abilene,1.0,11
robust_current_demand_lp,0.4391067647187867,0.6118360794536963,1.026765458711111,2.6277400845299144,1.3255718974410255,0.669235961156221,0.8301187279948603,0.3307640388437791,0.16988127200513964,0.6908492417766401,0.835258984351893,,,,1.0267654538461537,2.7380412230769227,abilene,1.0,11
current_demand_lp,0.4391067647187867,0.6118360794536963,1.0267654593880342,2.5717227874786324,1.3255718974410255,0.6740166055282312,0.8347448481727775,0.3259833944717689,0.16525515182722253,0.689273475870902,0.8385456568509256,,,,,,abilene,1.0,11
moving_average,0.7934479774792418,0.932521435337036,1.0462930038423932,2.593574928461538,1.3591391914102564,0.6737284792446462,0.8343339206747462,0.3262715207553538,0.16566607932525376,0.6885138704120112,0.8376659624913182,,,,,,abilene,1.0,11
lstm,1.0684292514670566,1.1913020096514533,1.1426412576410259,3.0470433516239313,1.4947285036923077,0.6833934914272388,0.8346868132639075,0.31660650857276107,0.16531318673609258,0.6889476796701975,0.8353848369371876,,,,,,abilene,1.2,7
linear_autoregressive,0.5099596231759371,0.6327304314095354,1.1949448461504273,2.9709696452564103,1.584058404068376,0.6829726547909734,0.8367059250746709,0.3170273452090266,0.16329407492532905,0.6894861476267804,0.8366802613376592,,,,,,abilene,1.2,7
uncertainty_aware_lstm_robust_lp,1.0684292514670566,1.1913020096514533,1.1989627445128204,3.1972339825641023,1.567845867410256,0.6820742560392916,0.8343170941582794,0.31792574396070844,0.1656829058417206,0.686934460219491,0.8337417666677223,0.8116223216056824,1.7130794525146484,1.0476760677162116,1.1989627153846154,3.1972340153846157,abilene,1.2,7
robust_current_demand_lp,0.5068276313474185,0.6913479808730406,1.2233810676581196,3.106280626623932,1.6149575542713674,0.6813609415210021,0.8352784843748607,0.3186390584789978,0.16472151562513926,0.6886328114269524,0.8353464010914669,,,,1.2233810684615385,3.2623495153846154,abilene,1.2,7
current_demand_lp,0.5068276313474185,0.6913479808730406,1.2233810684786326,3.1549008597008545,1.6149575542713674,0.682651928826913,0.8357351859310561,0.317348071173087,0.164264814068944,0.6890078993491263,0.835922755527273,,,,,,abilene,1.2,7
moving_average,0.9893403248654796,1.1350361801516071,1.2460320452136753,3.166191993504273,1.6571748601367522,0.6832634535613328,0.8374797988488971,0.3167365464386672,0.16252020115110286,0.6893644510599469,0.8372310920711629,,,,,,abilene,1.2,7
lstm,1.0180710849818715,1.146579461007407,1.1462283226495726,3.0566088564102563,1.4585719584615384,0.6771812195048904,0.833357640380146,0.3228187804951096,0.1666423596198539,0.6908651943698393,0.8374455634625656,,,,,,abilene,1.2,11
linear_autoregressive,0.5221413225325291,0.6583935798058883,1.1918380103863249,2.9693622955982906,1.5294506466068376,0.6746405400359782,0.8328134510805218,0.32535945996402177,0.16718654891947823,0.6886826535982375,0.8375805143678703,,,,,,abilene,1.2,11
uncertainty_aware_lstm_robust_lp,1.0180710849818715,1.146579461007407,1.2032165564786323,2.8489822568803413,1.5312524009743587,0.6717630180933946,0.8330591954860606,0.32823698190660544,0.16694080451393936,0.6864410925538518,0.8383058053508429,0.7881022691726685,1.5826643705368042,1.0484017456896364,1.2032165692307693,3.2085774923076924,abilene,1.2,11
robust_current_demand_lp,0.49946110045367004,0.6928736415705803,1.2316128255521368,3.198529397777778,1.589539619365812,0.6696780255616681,0.8306076868859166,0.33032197443833183,0.16939231311408345,0.6906488043662394,0.835557264085982,,,,1.2316128323076923,3.284300869230769,abilene,1.2,11
current_demand_lp,0.49946110045367004,0.6928736415705803,1.2316128259008547,3.1313730368376067,1.589539619365812,0.6751251824308593,0.8341425288459554,0.3248748175691407,0.1658574711540446,0.6903236245412772,0.8381811667155648,,,,,,abilene,1.2,11
moving_average,0.9458701915123686,1.1002850173083616,1.2547999535271794,3.27509828965812,1.6299012434871794,0.675411804271201,0.8343125882738017,0.32458819572879904,0.16568741172619833,0.6902158803730137,0.8375975839295116,,,,,,abilene,1.2,11
lstm,0.731722647378356,0.8247128737999668,0.8640244597777775,1.1816151555555556,0.8832934228205127,0.7507612026208625,0.8247907085135969,0.24923879737913743,0.17520929148640305,0.7447501671507306,0.8247863082659214,,,,,,nsfnet,0.8,7
linear_autoregressive,0.39087587445603966,0.48509396887964473,0.9059303259444444,1.241048950619658,1.0006809552991454,0.7502289862680314,0.8251112315193141,0.24977101373196856,0.1748887684806859,0.7464131344168184,0.8256493929216634,,,,,,nsfnet,0.8,7
uncertainty_aware_lstm_robust_lp,0.731722647378356,0.8247128737999668,0.9073405519999997,1.240419968888889,0.9272319056837607,0.7616217229804714,0.8298882111666231,0.2383782770195286,0.17011178883337677,0.7562009518588637,0.8312453858011906,0.575713574886322,0.9288458228111267,1.0498163789620887,0.90734055,1.6861017999999999,nsfnet,0.8,7
robust_current_demand_lp,0.3939826040601751,0.516422628366803,0.9279262993995727,1.2661296487905982,1.0227425926153848,0.7625055891264034,0.8301513955853947,0.23749441087359663,0.16984860441460528,0.7550897023259941,0.8323285071555356,,,,0.9279262953846155,1.7230939307692308,nsfnet,0.8,7
current_demand_lp,0.3939826040601751,0.516422628366803,0.9279262998290598,1.2661296487905982,1.0227425926153848,0.7496975624087564,0.8253429519132237,0.2503024375912436,0.1746570480867763,0.7432293455011141,0.827222761975157,,,,,,nsfnet,0.8,7
moving_average,0.6810836373348998,0.781943941114095,0.9413117213333333,1.2883124553063676,1.0242613315811966,0.7506234452946382,0.825554644840021,0.2493765547053618,0.17444535515997903,0.7456487909474678,0.8267487272447134,,,,,,nsfnet,0.8,7
lstm,0.7079268410101434,0.8045117754123716,0.8143383774358974,1.1592988241538458,0.8454941169871795,0.7405633061983367,0.8273132677246302,0.2594366938016633,0.1726867322753698,0.7358172984714902,0.8265951129239445,,,,,,nsfnet,0.8,11
uncertainty_aware_lstm_robust_lp,0.7079268410101434,0.8045117754123716,0.8552302083076923,1.2166828053846155,0.8876952782478633,0.767054013451398,0.8333680742328119,0.2329459865486019,0.1666319257671882,0.7615560393069001,0.8318352467657958,0.5559255480766296,0.9183499217033386,1.0499002504195394,0.8552302092307692,1.6611395,nsfnet,0.8,11
linear_autoregressive,0.3529696347051185,0.443857306878549,0.8726560645384616,1.2308565204564101,0.9758617807743589,0.7426886734964573,0.826475242563546,0.25731132650354277,0.17352475743645396,0.7380576145535441,0.8265335792414296,,,,,,nsfnet,0.8,11
robust_current_demand_lp,0.38692133469084405,0.510101208063574,0.8737881669901709,1.2470902223247862,0.9813554747435898,0.7687441745382151,0.8334565987663735,0.2312558254617849,0.1665434012336266,0.7617644838356031,0.8299410100755722,,,,0.8737881538461539,1.7014536692307693,nsfnet,0.8,11
current_demand_lp,0.38692133469084405,0.510101208063574,0.87378816733547,1.2470902223247862,0.9813554747435898,0.7461550030006348,0.8289120894766632,0.2538449969993652,0.1710879105233369,0.7422112214540952,0.8274973135382063,,,,,,nsfnet,0.8,11
moving_average,0.6589880565179471,0.7608850005838312,0.8894821201794871,1.2668409244786325,0.9866996918888888,0.7433805420204339,0.8278563755379047,0.2566194579795661,0.17214362446209527,0.7392285860716464,0.827206819548026,,,,,,nsfnet,0.8,11
lstm,0.9077538713720125,1.00904011859863,1.0772688333333336,1.4753871256666666,1.1014765053418802,0.7511123959007772,0.8247895871736062,0.24888760409922284,0.17521041282639382,0.7449021777409738,0.824711608998403,,,,,,nsfnet,1.0,7
uncertainty_aware_lstm_robust_lp,0.9077538713720125,1.00904011859863,1.1298345840000001,1.5469153356666667,1.154868378076923,0.761738028381179,0.829883696418062,0.23826197161882104,0.170116303581938,0.7557192178493393,0.8311303939235967,0.6994447708129883,1.1199312210083008,1.0485026358631409,1.1298346,2.0991374,nsfnet,1.0,7
linear_autoregressive,0.46807667856856755,0.5702570888482369,1.1320063499649573,1.5500524362064103,1.2494036464529914,0.750520218148288,0.8251182706453513,0.2494797818517121,0.1748817293546488,0.7464308243067335,0.825605076550311,,,,,,nsfnet,1.0,7
current_demand_lp,0.45317969807735164,0.588977510287038,1.1588839133162394,1.5818307889948717,1.2760194572820514,0.7506386288492964,0.8253923689665178,0.24936137115070361,0.17460763103348226,0.744614378911713,0.8271882342803697,,,,,,nsfnet,1.0,7
robust_current_demand_lp,0.45317969807735164,0.588977510287038,1.1588839133589743,1.5818307889948717,1.2760194572820514,0.7625226489221194,0.8301252120654977,0.23747735107788065,0.1698747879345023,0.754829080772119,0.8321828532839789,,,,1.1588839023076924,2.1505148384615387,nsfnet,1.0,7
moving_average,0.8403582648693608,0.9506094855915296,1.1764245185991453,1.6096932142435896,1.27954659282906,0.7507371306256688,0.82541856139138,0.2492628693743312,0.1745814386086199,0.7456389721030002,0.8264899527003742,,,,,,nsfnet,1.0,7
lstm,0.8781001001304024,0.9834945638241338,1.0156591733333333,1.4442193639999998,1.0537741517401709,0.7402325666037368,0.8272746775103493,0.2597674333962633,0.1727253224896506,0.7351234728334938,0.8264877376551929,,,,,,nsfnet,1.0,11
uncertainty_aware_lstm_robust_lp,0.8781001001304024,0.9834945638241338,1.0653650223333335,1.5139179851777778,1.1050629860854702,0.7680464130994914,0.8330753493157808,0.23195358690050843,0.16692465068421924,0.7617745133411462,0.8311970019339184,0.6747301816940308,1.121665358543396,1.0485930297549477,1.065365,2.0696419,nsfnet,1.0,11
linear_autoregressive,0.4112833602314894,0.5103748530256531,1.0896420848786326,1.538248977727778,1.2177642576068375,0.7425668262970423,0.8271161194042853,0.25743317370295765,0.17288388059571466,0.7381397565697078,0.8273842906974924,,,,,,nsfnet,1.0,11
robust_current_demand_lp,0.4417701581022181,0.5781362915959939,1.092128738923077,1.5572736494811965,1.2252970682564102,0.7689885709138573,0.8334389550756087,0.23101142908614267,0.1665610449243913,0.7619504697547885,0.8300836562846824,,,,1.0921287246153846,2.1273938384615385,nsfnet,1.0,11
current_demand_lp,0.4417701581022181,0.5781362915959939,1.0921287391068377,1.5572736494811965,1.2252970682564102,0.7450637480749209,0.8280040987767847,0.25493625192507907,0.17199590122321523,0.7410816411689759,0.8269038334507826,,,,,,nsfnet,1.0,11
moving_average,0.8123257682503191,0.9231121738357858,1.112236822488889,1.5826063840470086,1.23274048732906,0.7437290364105892,0.8277997785560406,0.25627096358941076,0.17220022144395936,0.739642921980695,0.8272526690373423,,,,,,nsfnet,1.0,11
lstm,1.08677129653136,1.198189621218355,1.2872076808333333,1.763931186794872,1.3161245698547008,0.75110039354499,0.8248247738028799,0.24889960645501014,0.17517522619712003,0.7451179409548778,0.824878890122656,,,,,,nsfnet,1.2,7
uncertainty_aware_lstm_robust_lp,1.08677129653136,1.198189621218355,1.3492155019999998,1.8484240092307695,1.379148938128205,0.761763175071333,0.8298963551182481,0.23823682492866693,0.17010364488175186,0.7554130869018267,0.8310797346227805,0.8257419466972351,1.3644160032272339,1.0479008092661444,1.3492155,2.5063145,nsfnet,1.2,7
linear_autoregressive,0.5484819271630073,0.6586063660224032,1.3580732837051281,1.8590606309415385,1.498085178957265,0.7505587543139622,0.8251238879998726,0.24944124568603773,0.17487611200012745,0.7460988957373705,0.8256121392303387,,,,,,nsfnet,1.2,7
robust_current_demand_lp,0.5169348581323667,0.6663524446605038,1.3898415268589743,1.8975319282735046,1.5292963218034186,0.7624383390623399,0.830125159239431,0.23756166093766007,0.16987484076056905,0.7545822591062374,0.8320999180528109,,,,1.389841516923077,2.5779357615384617,nsfnet,1.2,7
current_demand_lp,0.5169348581323667,0.6663524446605038,1.3898415269102564,1.8975319282735046,1.5292963218034186,0.7504618457854826,0.8253241815913313,0.24953815421451747,0.17467581840866866,0.7442831681740171,0.8269322479150644,,,,,,nsfnet,1.2,7
moving_average,1.001157692101867,1.1219217550991758,1.411537317334188,1.9310739745213676,1.5348318553675213,0.7508069873126219,0.825347526271286,0.2491930126873781,0.17465247372871393,0.7456505081380946,0.8263512979850554,,,,,,nsfnet,1.2,7
lstm,1.0504419174282362,1.1658802195204616,1.2156876733333335,1.7278809866666665,1.260777689948718,0.7401321266140466,0.8272674311234334,0.2598678733859535,0.17273256887656668,0.7349331765642118,0.8264413504514733,,,,,,nsfnet,1.2,11
uncertainty_aware_lstm_robust_lp,1.0504419174282362,1.1658802195204616,1.2743780844444446,1.8101831616666666,1.3213455976495727,0.7679756632711686,0.8331014314962608,0.23202433672883147,0.16689856850373916,0.7616510973840083,0.8312466809467611,0.796217679977417,1.326453685760498,1.0479184712356593,1.2743781,2.4757881,nsfnet,1.2,11
linear_autoregressive,0.4727852684585232,0.5802148999531744,1.3065784832632479,1.845745791911111,1.4595072495811965,0.7421826545579072,0.8267216086748935,0.2578173454420928,0.17327839132510647,0.7374834115369039,0.8264524716179518,,,,,,nsfnet,1.2,11
robust_current_demand_lp,0.5020281191150218,0.6509295060072942,1.3106545400115384,1.8674570803333332,1.4693049451367521,0.7687757300295208,0.8332659266664104,0.2312242699704792,0.16673407333358956,0.7618410304655713,0.8301628140649968,,,,1.3106545353846155,2.553334023076923,nsfnet,1.2,11
current_demand_lp,0.5020281191150218,0.6509295060072942,1.3106545400982905,1.8674570803333332,1.4693049451367521,0.7441730051375518,0.8282708542066394,0.2558269948624482,0.17172914579336065,0.740164294008997,0.8271543907248583,,,,,,nsfnet,1.2,11
moving_average,0.9673226831885484,1.087945191360935,1.3349915247735042,1.8983718437094017,1.4787812838717949,0.7434086057642785,0.8276007175420262,0.2565913942357216,0.17239928245797376,0.7388196184790947,0.8269147644362526,,,,,,nsfnet,1.2,11
