topology,load_scale,Current-Demand LP,Robust LP,Uncertainty-Aware Robust LP,Linear AR,Moving Average,LSTM,Transformer
abilene,0.8,0.819,0.819,0.7473,0.7963,0.8505,0.7155,0.7189
abilene,1.0,1.0232,1.0232,0.9544,0.9949,1.0621,0.9104,0.9039
abilene,1.2,1.2275,1.2275,1.1382,1.1934,1.2738,1.0863,1.0788
nsfnet,0.8,0.9009,0.9009,0.8209,0.8893,0.9294,0.7832,0.7723
nsfnet,1.0,1.1255,1.1255,1.0231,1.1108,1.1619,0.9775,0.965
nsfnet,1.2,1.3502,1.3502,1.2257,1.3323,1.3944,1.172,1.1745
sample,0.8,0.3288,0.3288,0.3181,0.3232,0.3404,0.3088,0.2788
sample,1.0,0.4103,0.4103,0.3869,0.4032,0.4255,0.374,0.3526
sample,1.2,0.4918,0.4918,0.4527,0.4835,0.5107,0.4312,0.4465
